session_id;id;base_name;modo;condiciones_medida;config_label;sample_index;tiempo_s;red_raw;ir_raw;temp_c;temp_raw;cfg_red;cfg_ir;cfg_avg;cfg_rate;cfg_width;cfg_adc;cfg_skip;cfg_debug;cfg_confirmacion;system_time
BLOQUE_16CFG_184_ConVacio_20260602_130526_CFG016_CONFIG_09_-_B5F_AVG4_ADC16384;184_ConVacio;BLOQUE_16CFG_184_ConVacio_20260602_130526_CFG016_CONFIG_09_-_B5F_AVG4_ADC16384;configurations;toma con tabla personalizada de configuraciones;CONFIG 09 - B5F_AVG4_ADC16384;1;0.000000;37658;88887;29.70;2230;95;95;4;100;411;16384;50;0;confirmada;2026-06-02T13:16:09.130
BLOQUE_16CFG_184_ConVacio_20260602_130526_CFG016_CONFIG_09_-_B5F_AVG4_ADC16384;184_ConVacio;BLOQUE_16CFG_184_ConVacio_20260602_130526_CFG016_CONFIG_09_-_B5F_AVG4_ADC16384;configurations;toma con tabla personalizada de configuraciones;CONFIG 09 - B5F_AVG4_ADC16384;2;9.535497;18673;44695;30.23;2250;95;95;4;100;411;16384;50;0;confirmada;2026-06-02T13:16:09.130
BLOQUE_16CFG_184_ConVacio_20260602_130526_CFG016_CONFIG_09_-_B5F_AVG4_ADC16384;184_ConVacio;BLOQUE_16CFG_184_ConVacio_20260602_130526_CFG016_CONFIG_09_-_B5F_AVG4_ADC16384;configurations;toma con tabla personalizada de configuraciones;CONFIG 09 - B5F_AVG4_ADC16384;3;9.615383;18681;44736;30.17;2248;95;95;4;100;411;16384;50;0;confirmada;2026-06-02T13:16:09.130
BLOQUE_16CFG_184_ConVacio_20260602_130526_CFG016_CONFIG_09_-_B5F_AVG4_ADC16384;184_ConVacio;BLOQUE_16CFG_184_ConVacio_20260602_130526_CFG016_CONFIG_09_-_B5F_AVG4_ADC16384;configurations;toma con tabla personalizada de configuraciones;CONFIG 09 - B5F_AVG4_ADC16384;4;9.736118;18688;44799;30.38;2256;95;95;4;100;411;16384;50;0;confirmada;2026-06-02T13:16:09.130
BLOQUE_16CFG_184_ConVacio_20260602_130526_CFG016_CONFIG_09_-_B5F_AVG4_ADC16384;184_ConVacio;BLOQUE_16CFG_184_ConVacio_20260602_130526_CFG016_CONFIG_09_-_B5F_AVG4_ADC16384;configurations;toma con tabla personalizada de configuraciones;CONFIG 09 - B5F_AVG4_ADC16384;5;9.816255;18703;44804;30.92;2276;95;95;4;100;411;16384;50;0;confirmada;2026-06-02T13:16:09.130
BLOQUE_16CFG_184_ConVacio_20260602_130526_CFG016_CONFIG_09_-_B5F_AVG4_ADC16384;184_ConVacio;BLOQUE_16CFG_184_ConVacio_20260602_130526_CFG016_CONFIG_09_-_B5F_AVG4_ADC16384;configurations;toma con tabla personalizada de configuraciones;CONFIG 09 - B5F_AVG4_ADC16384;6;9.936782;18713;44864;30.46;2259;95;95;4;100;411;16384;50;0;confirmada;2026-06-02T13:16:09.130
BLOQUE_16CFG_184_ConVacio_20260602_130526_CFG016_CONFIG_09_-_B5F_AVG4_ADC16384;184_ConVacio;BLOQUE_16CFG_184_ConVacio_20260602_130526_CFG016_CONFIG_09_-_B5F_AVG4_ADC16384;configurations;toma con tabla personalizada de configuraciones;CONFIG 09 - B5F_AVG4_ADC16384;7;10.016940;18720;44918;30.92;2276;95;95;4;100;411;16384;50;0;confirmada;2026-06-02T13:16:09.130
BLOQUE_16CFG_184_ConVacio_20260602_130526_CFG016_CONFIG_09_-_B5F_AVG4_ADC16384;184_ConVacio;BLOQUE_16CFG_184_ConVacio_20260602_130526_CFG016_CONFIG_09_-_B5F_AVG4_ADC16384;configurations;toma con tabla personalizada de configuraciones;CONFIG 09 - B5F_AVG4_ADC16384;8;10.137441;18739;44991;29.86;2236;95;95;4;100;411;16384;50;0;confirmada;2026-06-02T13:16:09.130
BLOQUE_16CFG_184_ConVacio_20260602_130526_CFG016_CONFIG_09_-_B5F_AVG4_ADC16384;184_ConVacio;BLOQUE_16CFG_184_ConVacio_20260602_130526_CFG016_CONFIG_09_-_B5F_AVG4_ADC16384;configurations;toma con tabla personalizada de configuraciones;CONFIG 09 - B5F_AVG4_ADC16384;9;10.218131;18753;45029;30.65;2266;95;95;4;100;411;16384;50;0;confirmada;2026-06-02T13:16:09.130
BLOQUE_16CFG_184_ConVacio_20260602_130526_CFG016_CONFIG_09_-_B5F_AVG4_ADC16384;184_ConVacio;BLOQUE_16CFG_184_ConVacio_20260602_130526_CFG016_CONFIG_09_-_B5F_AVG4_ADC16384;configurations;toma con tabla personalizada de configuraciones;CONFIG 09 - B5F_AVG4_ADC16384;10;10.338015;18767;45085;30.33;2254;95;95;4;100;411;16384;50;0;confirmada;2026-06-02T13:16:09.130
BLOQUE_16CFG_184_ConVacio_20260602_130526_CFG016_CONFIG_09_-_B5F_AVG4_ADC16384;184_ConVacio;BLOQUE_16CFG_184_ConVacio_20260602_130526_CFG016_CONFIG_09_-_B5F_AVG4_ADC16384;configurations;toma con tabla personalizada de configuraciones;CONFIG 09 - B5F_AVG4_ADC16384;11;10.418505;18781;45119;29.23;2212;95;95;4;100;411;16384;50;0;confirmada;2026-06-02T13:16:09.130
BLOQUE_16CFG_184_ConVacio_20260602_130526_CFG016_CONFIG_09_-_B5F_AVG4_ADC16384;184_ConVacio;BLOQUE_16CFG_184_ConVacio_20260602_130526_CFG016_CONFIG_09_-_B5F_AVG4_ADC16384;configurations;toma con tabla personalizada de configuraciones;CONFIG 09 - B5F_AVG4_ADC16384;12;10.538561;18796;45169;29.96;2240;95;95;4;100;411;16384;50;0;confirmada;2026-06-02T13:16:09.130
BLOQUE_16CFG_184_ConVacio_20260602_130526_CFG016_CONFIG_09_-_B5F_AVG4_ADC16384;184_ConVacio;BLOQUE_16CFG_184_ConVacio_20260602_130526_CFG016_CONFIG_09_-_B5F_AVG4_ADC16384;configurations;toma con tabla personalizada de configuraciones;CONFIG 09 - B5F_AVG4_ADC16384;13;10.618706;18806;45146;30.60;2264;95;95;4;100;411;16384;50;0;confirmada;2026-06-02T13:16:09.130
BLOQUE_16CFG_184_ConVacio_20260602_130526_CFG016_CONFIG_09_-_B5F_AVG4_ADC16384;184_ConVacio;BLOQUE_16CFG_184_ConVacio_20260602_130526_CFG016_CONFIG_09_-_B5F_AVG4_ADC16384;configurations;toma con tabla personalizada de configuraciones;CONFIG 09 - B5F_AVG4_ADC16384;14;10.739253;18815;45173;30.65;2266;95;95;4;100;411;16384;50;0;confirmada;2026-06-02T13:16:09.130
BLOQUE_16CFG_184_ConVacio_20260602_130526_CFG016_CONFIG_09_-_B5F_AVG4_ADC16384;184_ConVacio;BLOQUE_16CFG_184_ConVacio_20260602_130526_CFG016_CONFIG_09_-_B5F_AVG4_ADC16384;configurations;toma con tabla personalizada de configuraciones;CONFIG 09 - B5F_AVG4_ADC16384;15;10.819450;18821;45207;29.94;2239;95;95;4;100;411;16384;50;0;confirmada;2026-06-02T13:16:09.130
BLOQUE_16CFG_184_ConVacio_20260602_130526_CFG016_CONFIG_09_-_B5F_AVG4_ADC16384;184_ConVacio;BLOQUE_16CFG_184_ConVacio_20260602_130526_CFG016_CONFIG_09_-_B5F_AVG4_ADC16384;configurations;toma con tabla personalizada de configuraciones;CONFIG 09 - B5F_AVG4_ADC16384;16;10.939861;18836;45248;30.41;2257;95;95;4;100;411;16384;50;0;confirmada;2026-06-02T13:16:09.130
BLOQUE_16CFG_184_ConVacio_20260602_130526_CFG016_CONFIG_09_-_B5F_AVG4_ADC16384;184_ConVacio;BLOQUE_16CFG_184_ConVacio_20260602_130526_CFG016_CONFIG_09_-_B5F_AVG4_ADC16384;configurations;toma con tabla personalizada de configuraciones;CONFIG 09 - B5F_AVG4_ADC16384;17;11.019973;18844;45257;30.36;2255;95;95;4;100;411;16384;50;0;confirmada;2026-06-02T13:16:09.130
BLOQUE_16CFG_184_ConVacio_20260602_130526_CFG016_CONFIG_09_-_B5F_AVG4_ADC16384;184_ConVacio;BLOQUE_16CFG_184_ConVacio_20260602_130526_CFG016_CONFIG_09_-_B5F_AVG4_ADC16384;configurations;toma con tabla personalizada de configuraciones;CONFIG 09 - B5F_AVG4_ADC16384;18;11.140289;18855;45270;30.70;2268;95;95;4;100;411;16384;50;0;confirmada;2026-06-02T13:16:09.130
BLOQUE_16CFG_184_ConVacio_20260602_130526_CFG016_CONFIG_09_-_B5F_AVG4_ADC16384;184_ConVacio;BLOQUE_16CFG_184_ConVacio_20260602_130526_CFG016_CONFIG_09_-_B5F_AVG4_ADC16384;configurations;toma con tabla personalizada de configuraciones;CONFIG 09 - B5F_AVG4_ADC16384;19;11.220511;18861;45282;30.62;2265;95;95;4;100;411;16384;50;0;confirmada;2026-06-02T13:16:09.130
BLOQUE_16CFG_184_ConVacio_20260602_130526_CFG016_CONFIG_09_-_B5F_AVG4_ADC16384;184_ConVacio;BLOQUE_16CFG_184_ConVacio_20260602_130526_CFG016_CONFIG_09_-_B5F_AVG4_ADC16384;configurations;toma con tabla personalizada de configuraciones;CONFIG 09 - B5F_AVG4_ADC16384;20;11.341056;18868;45263;30.52;2261;95;95;4;100;411;16384;50;0;confirmada;2026-06-02T13:16:09.130
BLOQUE_16CFG_184_ConVacio_20260602_130526_CFG016_CONFIG_09_-_B5F_AVG4_ADC16384;184_ConVacio;BLOQUE_16CFG_184_ConVacio_20260602_130526_CFG016_CONFIG_09_-_B5F_AVG4_ADC16384;configurations;toma con tabla personalizada de configuraciones;CONFIG 09 - B5F_AVG4_ADC16384;21;11.421266;18867;45234;30.12;2246;95;95;4;100;411;16384;50;0;confirmada;2026-06-02T13:16:09.130
BLOQUE_16CFG_184_ConVacio_20260602_130526_CFG016_CONFIG_09_-_B5F_AVG4_ADC16384;184_ConVacio;BLOQUE_16CFG_184_ConVacio_20260602_130526_CFG016_CONFIG_09_-_B5F_AVG4_ADC16384;configurations;toma con tabla personalizada de configuraciones;CONFIG 09 - B5F_AVG4_ADC16384;22;11.541670;18872;45227;30.01;2242;95;95;4;100;411;16384;50;0;confirmada;2026-06-02T13:16:09.130
BLOQUE_16CFG_184_ConVacio_20260602_130526_CFG016_CONFIG_09_-_B5F_AVG4_ADC16384;184_ConVacio;BLOQUE_16CFG_184_ConVacio_20260602_130526_CFG016_CONFIG_09_-_B5F_AVG4_ADC16384;configurations;toma con tabla personalizada de configuraciones;CONFIG 09 - B5F_AVG4_ADC16384;23;11.621747;18879;45234;30.84;2273;95;95;4;100;411;16384;50;0;confirmada;2026-06-02T13:16:09.130
BLOQUE_16CFG_184_ConVacio_20260602_130526_CFG016_CONFIG_09_-_B5F_AVG4_ADC16384;184_ConVacio;BLOQUE_16CFG_184_ConVacio_20260602_130526_CFG016_CONFIG_09_-_B5F_AVG4_ADC16384;configurations;toma con tabla personalizada de configuraciones;CONFIG 09 - B5F_AVG4_ADC16384;24;11.742107;18881;45225;30.12;2246;95;95;4;100;411;16384;50;0;confirmada;2026-06-02T13:16:09.130
BLOQUE_16CFG_184_ConVacio_20260602_130526_CFG016_CONFIG_09_-_B5F_AVG4_ADC16384;184_ConVacio;BLOQUE_16CFG_184_ConVacio_20260602_130526_CFG016_CONFIG_09_-_B5F_AVG4_ADC16384;configurations;toma con tabla personalizada de configuraciones;CONFIG 09 - B5F_AVG4_ADC16384;25;11.822794;18883;45206;30.44;2258;95;95;4;100;411;16384;50;0;confirmada;2026-06-02T13:16:09.130
BLOQUE_16CFG_184_ConVacio_20260602_130526_CFG016_CONFIG_09_-_B5F_AVG4_ADC16384;184_ConVacio;BLOQUE_16CFG_184_ConVacio_20260602_130526_CFG016_CONFIG_09_-_B5F_AVG4_ADC16384;configurations;toma con tabla personalizada de configuraciones;CONFIG 09 - B5F_AVG4_ADC16384;26;11.942717;18881;45181;30.62;2265;95;95;4;100;411;16384;50;0;confirmada;2026-06-02T13:16:09.130
BLOQUE_16CFG_184_ConVacio_20260602_130526_CFG016_CONFIG_09_-_B5F_AVG4_ADC16384;184_ConVacio;BLOQUE_16CFG_184_ConVacio_20260602_130526_CFG016_CONFIG_09_-_B5F_AVG4_ADC16384;configurations;toma con tabla personalizada de configuraciones;CONFIG 09 - B5F_AVG4_ADC16384;27;12.023477;18878;45160;30.41;2257;95;95;4;100;411;16384;50;0;confirmada;2026-06-02T13:16:09.130
BLOQUE_16CFG_184_ConVacio_20260602_130526_CFG016_CONFIG_09_-_B5F_AVG4_ADC16384;184_ConVacio;BLOQUE_16CFG_184_ConVacio_20260602_130526_CFG016_CONFIG_09_-_B5F_AVG4_ADC16384;configurations;toma con tabla personalizada de configuraciones;CONFIG 09 - B5F_AVG4_ADC16384;28;12.143455;18876;45086;31.08;2282;95;95;4;100;411;16384;50;0;confirmada;2026-06-02T13:16:09.130
BLOQUE_16CFG_184_ConVacio_20260602_130526_CFG016_CONFIG_09_-_B5F_AVG4_ADC16384;184_ConVacio;BLOQUE_16CFG_184_ConVacio_20260602_130526_CFG016_CONFIG_09_-_B5F_AVG4_ADC16384;configurations;toma con tabla personalizada de configuraciones;CONFIG 09 - B5F_AVG4_ADC16384;29;12.223093;18874;45063;30.09;2245;95;95;4;100;411;16384;50;0;confirmada;2026-06-02T13:16:09.130
BLOQUE_16CFG_184_ConVacio_20260602_130526_CFG016_CONFIG_09_-_B5F_AVG4_ADC16384;184_ConVacio;BLOQUE_16CFG_184_ConVacio_20260602_130526_CFG016_CONFIG_09_-_B5F_AVG4_ADC16384;configurations;toma con tabla personalizada de configuraciones;CONFIG 09 - B5F_AVG4_ADC16384;30;12.343921;18869;45035;30.62;2265;95;95;4;100;411;16384;50;0;confirmada;2026-06-02T13:16:09.130
BLOQUE_16CFG_184_ConVacio_20260602_130526_CFG016_CONFIG_09_-_B5F_AVG4_ADC16384;184_ConVacio;BLOQUE_16CFG_184_ConVacio_20260602_130526_CFG016_CONFIG_09_-_B5F_AVG4_ADC16384;configurations;toma con tabla personalizada de configuraciones;CONFIG 09 - B5F_AVG4_ADC16384;31;12.424055;18866;45014;30.92;2276;95;95;4;100;411;16384;50;0;confirmada;2026-06-02T13:16:09.130
BLOQUE_16CFG_184_ConVacio_20260602_130526_CFG016_CONFIG_09_-_B5F_AVG4_ADC16384;184_ConVacio;BLOQUE_16CFG_184_ConVacio_20260602_130526_CFG016_CONFIG_09_-_B5F_AVG4_ADC16384;configurations;toma con tabla personalizada de configuraciones;CONFIG 09 - B5F_AVG4_ADC16384;32;12.544727;18856;44970;30.60;2264;95;95;4;100;411;16384;50;0;confirmada;2026-06-02T13:16:09.130
BLOQUE_16CFG_184_ConVacio_20260602_130526_CFG016_CONFIG_09_-_B5F_AVG4_ADC16384;184_ConVacio;BLOQUE_16CFG_184_ConVacio_20260602_130526_CFG016_CONFIG_09_-_B5F_AVG4_ADC16384;configurations;toma con tabla personalizada de configuraciones;CONFIG 09 - B5F_AVG4_ADC16384;33;12.624695;18856;44947;30.97;2278;95;95;4;100;411;16384;50;0;confirmada;2026-06-02T13:16:09.130
BLOQUE_16CFG_184_ConVacio_20260602_130526_CFG016_CONFIG_09_-_B5F_AVG4_ADC16384;184_ConVacio;BLOQUE_16CFG_184_ConVacio_20260602_130526_CFG016_CONFIG_09_-_B5F_AVG4_ADC16384;configurations;toma con tabla personalizada de configuraciones;CONFIG 09 - B5F_AVG4_ADC16384;34;12.745317;18851;44912;29.88;2237;95;95;4;100;411;16384;50;0;confirmada;2026-06-02T13:16:09.130
BLOQUE_16CFG_184_ConVacio_20260602_130526_CFG016_CONFIG_09_-_B5F_AVG4_ADC16384;184_ConVacio;BLOQUE_16CFG_184_ConVacio_20260602_130526_CFG016_CONFIG_09_-_B5F_AVG4_ADC16384;configurations;toma con tabla personalizada de configuraciones;CONFIG 09 - B5F_AVG4_ADC16384;35;12.826058;18849;44862;30.68;2267;95;95;4;100;411;16384;50;0;confirmada;2026-06-02T13:16:09.130
BLOQUE_16CFG_184_ConVacio_20260602_130526_CFG016_CONFIG_09_-_B5F_AVG4_ADC16384;184_ConVacio;BLOQUE_16CFG_184_ConVacio_20260602_130526_CFG016_CONFIG_09_-_B5F_AVG4_ADC16384;configurations;toma con tabla personalizada de configuraciones;CONFIG 09 - B5F_AVG4_ADC16384;36;12.945878;18842;44816;29.94;2239;95;95;4;100;411;16384;50;0;confirmada;2026-06-02T13:16:09.130
BLOQUE_16CFG_184_ConVacio_20260602_130526_CFG016_CONFIG_09_-_B5F_AVG4_ADC16384;184_ConVacio;BLOQUE_16CFG_184_ConVacio_20260602_130526_CFG016_CONFIG_09_-_B5F_AVG4_ADC16384;configurations;toma con tabla personalizada de configuraciones;CONFIG 09 - B5F_AVG4_ADC16384;37;13.025560;18841;44798;30.68;2267;95;95;4;100;411;16384;50;0;confirmada;2026-06-02T13:16:09.130
BLOQUE_16CFG_184_ConVacio_20260602_130526_CFG016_CONFIG_09_-_B5F_AVG4_ADC16384;184_ConVacio;BLOQUE_16CFG_184_ConVacio_20260602_130526_CFG016_CONFIG_09_-_B5F_AVG4_ADC16384;configurations;toma con tabla personalizada de configuraciones;CONFIG 09 - B5F_AVG4_ADC16384;38;13.146472;18836;44775;30.25;2251;95;95;4;100;411;16384;50;0;confirmada;2026-06-02T13:16:09.130
BLOQUE_16CFG_184_ConVacio_20260602_130526_CFG016_CONFIG_09_-_B5F_AVG4_ADC16384;184_ConVacio;BLOQUE_16CFG_184_ConVacio_20260602_130526_CFG016_CONFIG_09_-_B5F_AVG4_ADC16384;configurations;toma con tabla personalizada de configuraciones;CONFIG 09 - B5F_AVG4_ADC16384;39;13.226656;18828;44746;30.86;2274;95;95;4;100;411;16384;50;0;confirmada;2026-06-02T13:16:09.130
BLOQUE_16CFG_184_ConVacio_20260602_130526_CFG016_CONFIG_09_-_B5F_AVG4_ADC16384;184_ConVacio;BLOQUE_16CFG_184_ConVacio_20260602_130526_CFG016_CONFIG_09_-_B5F_AVG4_ADC16384;configurations;toma con tabla personalizada de configuraciones;CONFIG 09 - B5F_AVG4_ADC16384;40;13.346888;18825;44712;30.62;2265;95;95;4;100;411;16384;50;0;confirmada;2026-06-02T13:16:09.130
BLOQUE_16CFG_184_ConVacio_20260602_130526_CFG016_CONFIG_09_-_B5F_AVG4_ADC16384;184_ConVacio;BLOQUE_16CFG_184_ConVacio_20260602_130526_CFG016_CONFIG_09_-_B5F_AVG4_ADC16384;configurations;toma con tabla personalizada de configuraciones;CONFIG 09 - B5F_AVG4_ADC16384;41;13.427678;18824;44687;30.38;2256;95;95;4;100;411;16384;50;0;confirmada;2026-06-02T13:16:09.130
BLOQUE_16CFG_184_ConVacio_20260602_130526_CFG016_CONFIG_09_-_B5F_AVG4_ADC16384;184_ConVacio;BLOQUE_16CFG_184_ConVacio_20260602_130526_CFG016_CONFIG_09_-_B5F_AVG4_ADC16384;configurations;toma con tabla personalizada de configuraciones;CONFIG 09 - B5F_AVG4_ADC16384;42;13.547500;18813;44623;31.13;2284;95;95;4;100;411;16384;50;0;confirmada;2026-06-02T13:16:09.130
BLOQUE_16CFG_184_ConVacio_20260602_130526_CFG016_CONFIG_09_-_B5F_AVG4_ADC16384;184_ConVacio;BLOQUE_16CFG_184_ConVacio_20260602_130526_CFG016_CONFIG_09_-_B5F_AVG4_ADC16384;configurations;toma con tabla personalizada de configuraciones;CONFIG 09 - B5F_AVG4_ADC16384;43;13.627967;18806;44596;30.04;2243;95;95;4;100;411;16384;50;0;confirmada;2026-06-02T13:16:09.130
BLOQUE_16CFG_184_ConVacio_20260602_130526_CFG016_CONFIG_09_-_B5F_AVG4_ADC16384;184_ConVacio;BLOQUE_16CFG_184_ConVacio_20260602_130526_CFG016_CONFIG_09_-_B5F_AVG4_ADC16384;configurations;toma con tabla personalizada de configuraciones;CONFIG 09 - B5F_AVG4_ADC16384;44;13.748274;18804;44577;30.73;2269;95;95;4;100;411;16384;50;0;confirmada;2026-06-02T13:16:09.130
BLOQUE_16CFG_184_ConVacio_20260602_130526_CFG016_CONFIG_09_-_B5F_AVG4_ADC16384;184_ConVacio;BLOQUE_16CFG_184_ConVacio_20260602_130526_CFG016_CONFIG_09_-_B5F_AVG4_ADC16384;configurations;toma con tabla personalizada de configuraciones;CONFIG 09 - B5F_AVG4_ADC16384;45;13.828519;18799;44567;30.57;2263;95;95;4;100;411;16384;50;0;confirmada;2026-06-02T13:16:09.130
BLOQUE_16CFG_184_ConVacio_20260602_130526_CFG016_CONFIG_09_-_B5F_AVG4_ADC16384;184_ConVacio;BLOQUE_16CFG_184_ConVacio_20260602_130526_CFG016_CONFIG_09_-_B5F_AVG4_ADC16384;configurations;toma con tabla personalizada de configuraciones;CONFIG 09 - B5F_AVG4_ADC16384;46;13.948889;18793;44533;31.45;2296;95;95;4;100;411;16384;50;0;confirmada;2026-06-02T13:16:09.130
BLOQUE_16CFG_184_ConVacio_20260602_130526_CFG016_CONFIG_09_-_B5F_AVG4_ADC16384;184_ConVacio;BLOQUE_16CFG_184_ConVacio_20260602_130526_CFG016_CONFIG_09_-_B5F_AVG4_ADC16384;configurations;toma con tabla personalizada de configuraciones;CONFIG 09 - B5F_AVG4_ADC16384;47;14.029612;18790;44522;30.46;2259;95;95;4;100;411;16384;50;0;confirmada;2026-06-02T13:16:09.130
BLOQUE_16CFG_184_ConVacio_20260602_130526_CFG016_CONFIG_09_-_B5F_AVG4_ADC16384;184_ConVacio;BLOQUE_16CFG_184_ConVacio_20260602_130526_CFG016_CONFIG_09_-_B5F_AVG4_ADC16384;configurations;toma con tabla personalizada de configuraciones;CONFIG 09 - B5F_AVG4_ADC16384;48;14.149427;18786;44507;30.81;2272;95;95;4;100;411;16384;50;0;confirmada;2026-06-02T13:16:09.130
BLOQUE_16CFG_184_ConVacio_20260602_130526_CFG016_CONFIG_09_-_B5F_AVG4_ADC16384;184_ConVacio;BLOQUE_16CFG_184_ConVacio_20260602_130526_CFG016_CONFIG_09_-_B5F_AVG4_ADC16384;configurations;toma con tabla personalizada de configuraciones;CONFIG 09 - B5F_AVG4_ADC16384;49;14.229651;18779;44474;30.28;2252;95;95;4;100;411;16384;50;0;confirmada;2026-06-02T13:16:09.130
BLOQUE_16CFG_184_ConVacio_20260602_130526_CFG016_CONFIG_09_-_B5F_AVG4_ADC16384;184_ConVacio;BLOQUE_16CFG_184_ConVacio_20260602_130526_CFG016_CONFIG_09_-_B5F_AVG4_ADC16384;configurations;toma con tabla personalizada de configuraciones;CONFIG 09 - B5F_AVG4_ADC16384;50;14.350017;18769;44423;29.72;2231;95;95;4;100;411;16384;50;0;confirmada;2026-06-02T13:16:09.130
BLOQUE_16CFG_184_ConVacio_20260602_130526_CFG016_CONFIG_09_-_B5F_AVG4_ADC16384;184_ConVacio;BLOQUE_16CFG_184_ConVacio_20260602_130526_CFG016_CONFIG_09_-_B5F_AVG4_ADC16384;configurations;toma con tabla personalizada de configuraciones;CONFIG 09 - B5F_AVG4_ADC16384;51;14.430294;18766;44411;30.68;2267;95;95;4;100;411;16384;50;0;confirmada;2026-06-02T13:16:09.130
BLOQUE_16CFG_184_ConVacio_20260602_130526_CFG016_CONFIG_09_-_B5F_AVG4_ADC16384;184_ConVacio;BLOQUE_16CFG_184_ConVacio_20260602_130526_CFG016_CONFIG_09_-_B5F_AVG4_ADC16384;configurations;toma con tabla personalizada de configuraciones;CONFIG 09 - B5F_AVG4_ADC16384;52;14.550581;18761;44408;30.15;2247;95;95;4;100;411;16384;50;0;confirmada;2026-06-02T13:16:09.130
BLOQUE_16CFG_184_ConVacio_20260602_130526_CFG016_CONFIG_09_-_B5F_AVG4_ADC16384;184_ConVacio;BLOQUE_16CFG_184_ConVacio_20260602_130526_CFG016_CONFIG_09_-_B5F_AVG4_ADC16384;configurations;toma con tabla personalizada de configuraciones;CONFIG 09 - B5F_AVG4_ADC16384;53;14.630978;18756;44395;30.41;2257;95;95;4;100;411;16384;50;0;confirmada;2026-06-02T13:16:09.130
BLOQUE_16CFG_184_ConVacio_20260602_130526_CFG016_CONFIG_09_-_B5F_AVG4_ADC16384;184_ConVacio;BLOQUE_16CFG_184_ConVacio_20260602_130526_CFG016_CONFIG_09_-_B5F_AVG4_ADC16384;configurations;toma con tabla personalizada de configuraciones;CONFIG 09 - B5F_AVG4_ADC16384;54;14.751201;18742;44372;30.38;2256;95;95;4;100;411;16384;50;0;confirmada;2026-06-02T13:16:09.130
BLOQUE_16CFG_184_ConVacio_20260602_130526_CFG016_CONFIG_09_-_B5F_AVG4_ADC16384;184_ConVacio;BLOQUE_16CFG_184_ConVacio_20260602_130526_CFG016_CONFIG_09_-_B5F_AVG4_ADC16384;configurations;toma con tabla personalizada de configuraciones;CONFIG 09 - B5F_AVG4_ADC16384;55;14.831496;18740;44365;29.70;2230;95;95;4;100;411;16384;50;0;confirmada;2026-06-02T13:16:09.130
BLOQUE_16CFG_184_ConVacio_20260602_130526_CFG016_CONFIG_09_-_B5F_AVG4_ADC16384;184_ConVacio;BLOQUE_16CFG_184_ConVacio_20260602_130526_CFG016_CONFIG_09_-_B5F_AVG4_ADC16384;configurations;toma con tabla personalizada de configuraciones;CONFIG 09 - B5F_AVG4_ADC16384;56;14.951728;18734;44323;30.57;2263;95;95;4;100;411;16384;50;0;confirmada;2026-06-02T13:16:09.130
BLOQUE_16CFG_184_ConVacio_20260602_130526_CFG016_CONFIG_09_-_B5F_AVG4_ADC16384;184_ConVacio;BLOQUE_16CFG_184_ConVacio_20260602_130526_CFG016_CONFIG_09_-_B5F_AVG4_ADC16384;configurations;toma con tabla personalizada de configuraciones;CONFIG 09 - B5F_AVG4_ADC16384;57;15.031928;18727;44294;30.86;2274;95;95;4;100;411;16384;50;0;confirmada;2026-06-02T13:16:09.130
BLOQUE_16CFG_184_ConVacio_20260602_130526_CFG016_CONFIG_09_-_B5F_AVG4_ADC16384;184_ConVacio;BLOQUE_16CFG_184_ConVacio_20260602_130526_CFG016_CONFIG_09_-_B5F_AVG4_ADC16384;configurations;toma con tabla personalizada de configuraciones;CONFIG 09 - B5F_AVG4_ADC16384;58;15.152422;18719;44291;31.08;2282;95;95;4;100;411;16384;50;0;confirmada;2026-06-02T13:16:09.130
BLOQUE_16CFG_184_ConVacio_20260602_130526_CFG016_CONFIG_09_-_B5F_AVG4_ADC16384;184_ConVacio;BLOQUE_16CFG_184_ConVacio_20260602_130526_CFG016_CONFIG_09_-_B5F_AVG4_ADC16384;configurations;toma con tabla personalizada de configuraciones;CONFIG 09 - B5F_AVG4_ADC16384;59;15.232285;18717;44296;30.92;2276;95;95;4;100;411;16384;50;0;confirmada;2026-06-02T13:16:09.130
BLOQUE_16CFG_184_ConVacio_20260602_130526_CFG016_CONFIG_09_-_B5F_AVG4_ADC16384;184_ConVacio;BLOQUE_16CFG_184_ConVacio_20260602_130526_CFG016_CONFIG_09_-_B5F_AVG4_ADC16384;configurations;toma con tabla personalizada de configuraciones;CONFIG 09 - B5F_AVG4_ADC16384;60;15.352967;18715;44292;30.15;2247;95;95;4;100;411;16384;50;0;confirmada;2026-06-02T13:16:09.130
BLOQUE_16CFG_184_ConVacio_20260602_130526_CFG016_CONFIG_09_-_B5F_AVG4_ADC16384;184_ConVacio;BLOQUE_16CFG_184_ConVacio_20260602_130526_CFG016_CONFIG_09_-_B5F_AVG4_ADC16384;configurations;toma con tabla personalizada de configuraciones;CONFIG 09 - B5F_AVG4_ADC16384;61;15.433119;18711;44292;30.60;2264;95;95;4;100;411;16384;50;0;confirmada;2026-06-02T13:16:09.130
BLOQUE_16CFG_184_ConVacio_20260602_130526_CFG016_CONFIG_09_-_B5F_AVG4_ADC16384;184_ConVacio;BLOQUE_16CFG_184_ConVacio_20260602_130526_CFG016_CONFIG_09_-_B5F_AVG4_ADC16384;configurations;toma con tabla personalizada de configuraciones;CONFIG 09 - B5F_AVG4_ADC16384;62;15.553618;18711;44304;30.73;2269;95;95;4;100;411;16384;50;0;confirmada;2026-06-02T13:16:09.130
BLOQUE_16CFG_184_ConVacio_20260602_130526_CFG016_CONFIG_09_-_B5F_AVG4_ADC16384;184_ConVacio;BLOQUE_16CFG_184_ConVacio_20260602_130526_CFG016_CONFIG_09_-_B5F_AVG4_ADC16384;configurations;toma con tabla personalizada de configuraciones;CONFIG 09 - B5F_AVG4_ADC16384;63;15.633358;18714;44294;30.04;2243;95;95;4;100;411;16384;50;0;confirmada;2026-06-02T13:16:09.130
BLOQUE_16CFG_184_ConVacio_20260602_130526_CFG016_CONFIG_09_-_B5F_AVG4_ADC16384;184_ConVacio;BLOQUE_16CFG_184_ConVacio_20260602_130526_CFG016_CONFIG_09_-_B5F_AVG4_ADC16384;configurations;toma con tabla personalizada de configuraciones;CONFIG 09 - B5F_AVG4_ADC16384;64;15.754120;18710;44296;30.52;2261;95;95;4;100;411;16384;50;0;confirmada;2026-06-02T13:16:09.130
BLOQUE_16CFG_184_ConVacio_20260602_130526_CFG016_CONFIG_09_-_B5F_AVG4_ADC16384;184_ConVacio;BLOQUE_16CFG_184_ConVacio_20260602_130526_CFG016_CONFIG_09_-_B5F_AVG4_ADC16384;configurations;toma con tabla personalizada de configuraciones;CONFIG 09 - B5F_AVG4_ADC16384;65;15.834414;18709;44321;30.97;2278;95;95;4;100;411;16384;50;0;confirmada;2026-06-02T13:16:09.130
BLOQUE_16CFG_184_ConVacio_20260602_130526_CFG016_CONFIG_09_-_B5F_AVG4_ADC16384;184_ConVacio;BLOQUE_16CFG_184_ConVacio_20260602_130526_CFG016_CONFIG_09_-_B5F_AVG4_ADC16384;configurations;toma con tabla personalizada de configuraciones;CONFIG 09 - B5F_AVG4_ADC16384;66;15.954811;18713;44364;29.67;2229;95;95;4;100;411;16384;50;0;confirmada;2026-06-02T13:16:09.130
BLOQUE_16CFG_184_ConVacio_20260602_130526_CFG016_CONFIG_09_-_B5F_AVG4_ADC16384;184_ConVacio;BLOQUE_16CFG_184_ConVacio_20260602_130526_CFG016_CONFIG_09_-_B5F_AVG4_ADC16384;configurations;toma con tabla personalizada de configuraciones;CONFIG 09 - B5F_AVG4_ADC16384;67;16.034989;18716;44388;30.28;2252;95;95;4;100;411;16384;50;0;confirmada;2026-06-02T13:16:09.130
BLOQUE_16CFG_184_ConVacio_20260602_130526_CFG016_CONFIG_09_-_B5F_AVG4_ADC16384;184_ConVacio;BLOQUE_16CFG_184_ConVacio_20260602_130526_CFG016_CONFIG_09_-_B5F_AVG4_ADC16384;configurations;toma con tabla personalizada de configuraciones;CONFIG 09 - B5F_AVG4_ADC16384;68;16.155421;18716;44434;30.76;2270;95;95;4;100;411;16384;50;0;confirmada;2026-06-02T13:16:09.130
BLOQUE_16CFG_184_ConVacio_20260602_130526_CFG016_CONFIG_09_-_B5F_AVG4_ADC16384;184_ConVacio;BLOQUE_16CFG_184_ConVacio_20260602_130526_CFG016_CONFIG_09_-_B5F_AVG4_ADC16384;configurations;toma con tabla personalizada de configuraciones;CONFIG 09 - B5F_AVG4_ADC16384;69;16.235498;18718;44469;30.60;2264;95;95;4;100;411;16384;50;0;confirmada;2026-06-02T13:16:09.130
BLOQUE_16CFG_184_ConVacio_20260602_130526_CFG016_CONFIG_09_-_B5F_AVG4_ADC16384;184_ConVacio;BLOQUE_16CFG_184_ConVacio_20260602_130526_CFG016_CONFIG_09_-_B5F_AVG4_ADC16384;configurations;toma con tabla personalizada de configuraciones;CONFIG 09 - B5F_AVG4_ADC16384;70;16.355975;18721;44487;30.65;2266;95;95;4;100;411;16384;50;0;confirmada;2026-06-02T13:16:09.130
BLOQUE_16CFG_184_ConVacio_20260602_130526_CFG016_CONFIG_09_-_B5F_AVG4_ADC16384;184_ConVacio;BLOQUE_16CFG_184_ConVacio_20260602_130526_CFG016_CONFIG_09_-_B5F_AVG4_ADC16384;configurations;toma con tabla personalizada de configuraciones;CONFIG 09 - B5F_AVG4_ADC16384;71;16.436538;18726;44508;30.41;2257;95;95;4;100;411;16384;50;0;confirmada;2026-06-02T13:16:09.130
BLOQUE_16CFG_184_ConVacio_20260602_130526_CFG016_CONFIG_09_-_B5F_AVG4_ADC16384;184_ConVacio;BLOQUE_16CFG_184_ConVacio_20260602_130526_CFG016_CONFIG_09_-_B5F_AVG4_ADC16384;configurations;toma con tabla personalizada de configuraciones;CONFIG 09 - B5F_AVG4_ADC16384;72;16.556544;18723;44571;30.36;2255;95;95;4;100;411;16384;50;0;confirmada;2026-06-02T13:16:09.130
BLOQUE_16CFG_184_ConVacio_20260602_130526_CFG016_CONFIG_09_-_B5F_AVG4_ADC16384;184_ConVacio;BLOQUE_16CFG_184_ConVacio_20260602_130526_CFG016_CONFIG_09_-_B5F_AVG4_ADC16384;configurations;toma con tabla personalizada de configuraciones;CONFIG 09 - B5F_AVG4_ADC16384;73;16.637472;18728;44621;29.96;2240;95;95;4;100;411;16384;50;0;confirmada;2026-06-02T13:16:09.130
BLOQUE_16CFG_184_ConVacio_20260602_130526_CFG016_CONFIG_09_-_B5F_AVG4_ADC16384;184_ConVacio;BLOQUE_16CFG_184_ConVacio_20260602_130526_CFG016_CONFIG_09_-_B5F_AVG4_ADC16384;configurations;toma con tabla personalizada de configuraciones;CONFIG 09 - B5F_AVG4_ADC16384;74;16.757274;18729;44669;29.70;2230;95;95;4;100;411;16384;50;0;confirmada;2026-06-02T13:16:09.130
BLOQUE_16CFG_184_ConVacio_20260602_130526_CFG016_CONFIG_09_-_B5F_AVG4_ADC16384;184_ConVacio;BLOQUE_16CFG_184_ConVacio_20260602_130526_CFG016_CONFIG_09_-_B5F_AVG4_ADC16384;configurations;toma con tabla personalizada de configuraciones;CONFIG 09 - B5F_AVG4_ADC16384;75;16.837469;18733;44706;30.30;2253;95;95;4;100;411;16384;50;0;confirmada;2026-06-02T13:16:09.130
BLOQUE_16CFG_184_ConVacio_20260602_130526_CFG016_CONFIG_09_-_B5F_AVG4_ADC16384;184_ConVacio;BLOQUE_16CFG_184_ConVacio_20260602_130526_CFG016_CONFIG_09_-_B5F_AVG4_ADC16384;configurations;toma con tabla personalizada de configuraciones;CONFIG 09 - B5F_AVG4_ADC16384;76;16.957801;18738;44769;30.33;2254;95;95;4;100;411;16384;50;0;confirmada;2026-06-02T13:16:09.130
BLOQUE_16CFG_184_ConVacio_20260602_130526_CFG016_CONFIG_09_-_B5F_AVG4_ADC16384;184_ConVacio;BLOQUE_16CFG_184_ConVacio_20260602_130526_CFG016_CONFIG_09_-_B5F_AVG4_ADC16384;configurations;toma con tabla personalizada de configuraciones;CONFIG 09 - B5F_AVG4_ADC16384;77;17.037519;18746;44780;30.89;2275;95;95;4;100;411;16384;50;0;confirmada;2026-06-02T13:16:09.130
BLOQUE_16CFG_184_ConVacio_20260602_130526_CFG016_CONFIG_09_-_B5F_AVG4_ADC16384;184_ConVacio;BLOQUE_16CFG_184_ConVacio_20260602_130526_CFG016_CONFIG_09_-_B5F_AVG4_ADC16384;configurations;toma con tabla personalizada de configuraciones;CONFIG 09 - B5F_AVG4_ADC16384;78;17.158464;18747;44830;29.67;2229;95;95;4;100;411;16384;50;0;confirmada;2026-06-02T13:16:09.130
BLOQUE_16CFG_184_ConVacio_20260602_130526_CFG016_CONFIG_09_-_B5F_AVG4_ADC16384;184_ConVacio;BLOQUE_16CFG_184_ConVacio_20260602_130526_CFG016_CONFIG_09_-_B5F_AVG4_ADC16384;configurations;toma con tabla personalizada de configuraciones;CONFIG 09 - B5F_AVG4_ADC16384;79;17.238580;18755;44888;30.01;2242;95;95;4;100;411;16384;50;0;confirmada;2026-06-02T13:16:09.130
BLOQUE_16CFG_184_ConVacio_20260602_130526_CFG016_CONFIG_09_-_B5F_AVG4_ADC16384;184_ConVacio;BLOQUE_16CFG_184_ConVacio_20260602_130526_CFG016_CONFIG_09_-_B5F_AVG4_ADC16384;configurations;toma con tabla personalizada de configuraciones;CONFIG 09 - B5F_AVG4_ADC16384;80;17.359086;18769;44966;29.72;2231;95;95;4;100;411;16384;50;0;confirmada;2026-06-02T13:16:09.130
BLOQUE_16CFG_184_ConVacio_20260602_130526_CFG016_CONFIG_09_-_B5F_AVG4_ADC16384;184_ConVacio;BLOQUE_16CFG_184_ConVacio_20260602_130526_CFG016_CONFIG_09_-_B5F_AVG4_ADC16384;configurations;toma con tabla personalizada de configuraciones;CONFIG 09 - B5F_AVG4_ADC16384;81;17.439333;18782;45014;30.38;2256;95;95;4;100;411;16384;50;0;confirmada;2026-06-02T13:16:09.130
BLOQUE_16CFG_184_ConVacio_20260602_130526_CFG016_CONFIG_09_-_B5F_AVG4_ADC16384;184_ConVacio;BLOQUE_16CFG_184_ConVacio_20260602_130526_CFG016_CONFIG_09_-_B5F_AVG4_ADC16384;configurations;toma con tabla personalizada de configuraciones;CONFIG 09 - B5F_AVG4_ADC16384;82;17.559580;18797;45081;30.49;2260;95;95;4;100;411;16384;50;0;confirmada;2026-06-02T13:16:09.130
BLOQUE_16CFG_184_ConVacio_20260602_130526_CFG016_CONFIG_09_-_B5F_AVG4_ADC16384;184_ConVacio;BLOQUE_16CFG_184_ConVacio_20260602_130526_CFG016_CONFIG_09_-_B5F_AVG4_ADC16384;configurations;toma con tabla personalizada de configuraciones;CONFIG 09 - B5F_AVG4_ADC16384;83;17.639649;18810;45125;29.72;2231;95;95;4;100;411;16384;50;0;confirmada;2026-06-02T13:16:09.130
BLOQUE_16CFG_184_ConVacio_20260602_130526_CFG016_CONFIG_09_-_B5F_AVG4_ADC16384;184_ConVacio;BLOQUE_16CFG_184_ConVacio_20260602_130526_CFG016_CONFIG_09_-_B5F_AVG4_ADC16384;configurations;toma con tabla personalizada de configuraciones;CONFIG 09 - B5F_AVG4_ADC16384;84;17.760357;18826;45136;29.99;2241;95;95;4;100;411;16384;50;0;confirmada;2026-06-02T13:16:09.130
BLOQUE_16CFG_184_ConVacio_20260602_130526_CFG016_CONFIG_09_-_B5F_AVG4_ADC16384;184_ConVacio;BLOQUE_16CFG_184_ConVacio_20260602_130526_CFG016_CONFIG_09_-_B5F_AVG4_ADC16384;configurations;toma con tabla personalizada de configuraciones;CONFIG 09 - B5F_AVG4_ADC16384;85;17.840625;18835;45161;30.49;2260;95;95;4;100;411;16384;50;0;confirmada;2026-06-02T13:16:09.130
BLOQUE_16CFG_184_ConVacio_20260602_130526_CFG016_CONFIG_09_-_B5F_AVG4_ADC16384;184_ConVacio;BLOQUE_16CFG_184_ConVacio_20260602_130526_CFG016_CONFIG_09_-_B5F_AVG4_ADC16384;configurations;toma con tabla personalizada de configuraciones;CONFIG 09 - B5F_AVG4_ADC16384;86;17.960961;18848;45223;30.60;2264;95;95;4;100;411;16384;50;0;confirmada;2026-06-02T13:16:09.130
BLOQUE_16CFG_184_ConVacio_20260602_130526_CFG016_CONFIG_09_-_B5F_AVG4_ADC16384;184_ConVacio;BLOQUE_16CFG_184_ConVacio_20260602_130526_CFG016_CONFIG_09_-_B5F_AVG4_ADC16384;configurations;toma con tabla personalizada de configuraciones;CONFIG 09 - B5F_AVG4_ADC16384;87;18.041488;18860;45258;30.36;2255;95;95;4;100;411;16384;50;0;confirmada;2026-06-02T13:16:09.130
BLOQUE_16CFG_184_ConVacio_20260602_130526_CFG016_CONFIG_09_-_B5F_AVG4_ADC16384;184_ConVacio;BLOQUE_16CFG_184_ConVacio_20260602_130526_CFG016_CONFIG_09_-_B5F_AVG4_ADC16384;configurations;toma con tabla personalizada de configuraciones;CONFIG 09 - B5F_AVG4_ADC16384;88;18.161459;18873;45299;30.52;2261;95;95;4;100;411;16384;50;0;confirmada;2026-06-02T13:16:09.130
BLOQUE_16CFG_184_ConVacio_20260602_130526_CFG016_CONFIG_09_-_B5F_AVG4_ADC16384;184_ConVacio;BLOQUE_16CFG_184_ConVacio_20260602_130526_CFG016_CONFIG_09_-_B5F_AVG4_ADC16384;configurations;toma con tabla personalizada de configuraciones;CONFIG 09 - B5F_AVG4_ADC16384;89;18.241758;18881;45318;30.92;2276;95;95;4;100;411;16384;50;0;confirmada;2026-06-02T13:16:09.130
BLOQUE_16CFG_184_ConVacio_20260602_130526_CFG016_CONFIG_09_-_B5F_AVG4_ADC16384;184_ConVacio;BLOQUE_16CFG_184_ConVacio_20260602_130526_CFG016_CONFIG_09_-_B5F_AVG4_ADC16384;configurations;toma con tabla personalizada de configuraciones;CONFIG 09 - B5F_AVG4_ADC16384;90;18.362003;18895;45344;30.70;2268;95;95;4;100;411;16384;50;0;confirmada;2026-06-02T13:16:09.130
BLOQUE_16CFG_184_ConVacio_20260602_130526_CFG016_CONFIG_09_-_B5F_AVG4_ADC16384;184_ConVacio;BLOQUE_16CFG_184_ConVacio_20260602_130526_CFG016_CONFIG_09_-_B5F_AVG4_ADC16384;configurations;toma con tabla personalizada de configuraciones;CONFIG 09 - B5F_AVG4_ADC16384;91;18.442538;18900;45331;30.36;2255;95;95;4;100;411;16384;50;0;confirmada;2026-06-02T13:16:09.130
BLOQUE_16CFG_184_ConVacio_20260602_130526_CFG016_CONFIG_09_-_B5F_AVG4_ADC16384;184_ConVacio;BLOQUE_16CFG_184_ConVacio_20260602_130526_CFG016_CONFIG_09_-_B5F_AVG4_ADC16384;configurations;toma con tabla personalizada de configuraciones;CONFIG 09 - B5F_AVG4_ADC16384;92;18.562714;18909;45316;30.65;2266;95;95;4;100;411;16384;50;0;confirmada;2026-06-02T13:16:09.130
BLOQUE_16CFG_184_ConVacio_20260602_130526_CFG016_CONFIG_09_-_B5F_AVG4_ADC16384;184_ConVacio;BLOQUE_16CFG_184_ConVacio_20260602_130526_CFG016_CONFIG_09_-_B5F_AVG4_ADC16384;configurations;toma con tabla personalizada de configuraciones;CONFIG 09 - B5F_AVG4_ADC16384;93;18.643064;18910;45322;29.91;2238;95;95;4;100;411;16384;50;0;confirmada;2026-06-02T13:16:09.130
BLOQUE_16CFG_184_ConVacio_20260602_130526_CFG016_CONFIG_09_-_B5F_AVG4_ADC16384;184_ConVacio;BLOQUE_16CFG_184_ConVacio_20260602_130526_CFG016_CONFIG_09_-_B5F_AVG4_ADC16384;configurations;toma con tabla personalizada de configuraciones;CONFIG 09 - B5F_AVG4_ADC16384;94;18.763107;18915;45339;29.67;2229;95;95;4;100;411;16384;50;0;confirmada;2026-06-02T13:16:09.130
BLOQUE_16CFG_184_ConVacio_20260602_130526_CFG016_CONFIG_09_-_B5F_AVG4_ADC16384;184_ConVacio;BLOQUE_16CFG_184_ConVacio_20260602_130526_CFG016_CONFIG_09_-_B5F_AVG4_ADC16384;configurations;toma con tabla personalizada de configuraciones;CONFIG 09 - B5F_AVG4_ADC16384;95;18.843223;18916;45337;30.70;2268;95;95;4;100;411;16384;50;0;confirmada;2026-06-02T13:16:09.130
BLOQUE_16CFG_184_ConVacio_20260602_130526_CFG016_CONFIG_09_-_B5F_AVG4_ADC16384;184_ConVacio;BLOQUE_16CFG_184_ConVacio_20260602_130526_CFG016_CONFIG_09_-_B5F_AVG4_ADC16384;configurations;toma con tabla personalizada de configuraciones;CONFIG 09 - B5F_AVG4_ADC16384;96;18.963819;18918;45328;30.30;2253;95;95;4;100;411;16384;50;0;confirmada;2026-06-02T13:16:09.130
BLOQUE_16CFG_184_ConVacio_20260602_130526_CFG016_CONFIG_09_-_B5F_AVG4_ADC16384;184_ConVacio;BLOQUE_16CFG_184_ConVacio_20260602_130526_CFG016_CONFIG_09_-_B5F_AVG4_ADC16384;configurations;toma con tabla personalizada de configuraciones;CONFIG 09 - B5F_AVG4_ADC16384;97;19.044561;18921;45326;30.44;2258;95;95;4;100;411;16384;50;0;confirmada;2026-06-02T13:16:09.130
BLOQUE_16CFG_184_ConVacio_20260602_130526_CFG016_CONFIG_09_-_B5F_AVG4_ADC16384;184_ConVacio;BLOQUE_16CFG_184_ConVacio_20260602_130526_CFG016_CONFIG_09_-_B5F_AVG4_ADC16384;configurations;toma con tabla personalizada de configuraciones;CONFIG 09 - B5F_AVG4_ADC16384;98;19.164252;18916;45293;30.62;2265;95;95;4;100;411;16384;50;0;confirmada;2026-06-02T13:16:09.130
BLOQUE_16CFG_184_ConVacio_20260602_130526_CFG016_CONFIG_09_-_B5F_AVG4_ADC16384;184_ConVacio;BLOQUE_16CFG_184_ConVacio_20260602_130526_CFG016_CONFIG_09_-_B5F_AVG4_ADC16384;configurations;toma con tabla personalizada de configuraciones;CONFIG 09 - B5F_AVG4_ADC16384;99;19.244444;18918;45252;30.89;2275;95;95;4;100;411;16384;50;0;confirmada;2026-06-02T13:16:09.130
BLOQUE_16CFG_184_ConVacio_20260602_130526_CFG016_CONFIG_09_-_B5F_AVG4_ADC16384;184_ConVacio;BLOQUE_16CFG_184_ConVacio_20260602_130526_CFG016_CONFIG_09_-_B5F_AVG4_ADC16384;configurations;toma con tabla personalizada de configuraciones;CONFIG 09 - B5F_AVG4_ADC16384;100;19.364794;18919;45230;29.83;2235;95;95;4;100;411;16384;50;0;confirmada;2026-06-02T13:16:09.130
BLOQUE_16CFG_184_ConVacio_20260602_130526_CFG016_CONFIG_09_-_B5F_AVG4_ADC16384;184_ConVacio;BLOQUE_16CFG_184_ConVacio_20260602_130526_CFG016_CONFIG_09_-_B5F_AVG4_ADC16384;configurations;toma con tabla personalizada de configuraciones;CONFIG 09 - B5F_AVG4_ADC16384;101;19.444722;18920;45232;30.84;2273;95;95;4;100;411;16384;50;0;confirmada;2026-06-02T13:16:09.131
BLOQUE_16CFG_184_ConVacio_20260602_130526_CFG016_CONFIG_09_-_B5F_AVG4_ADC16384;184_ConVacio;BLOQUE_16CFG_184_ConVacio_20260602_130526_CFG016_CONFIG_09_-_B5F_AVG4_ADC16384;configurations;toma con tabla personalizada de configuraciones;CONFIG 09 - B5F_AVG4_ADC16384;102;19.565359;18918;45200;31.00;2279;95;95;4;100;411;16384;50;0;confirmada;2026-06-02T13:16:09.131
BLOQUE_16CFG_184_ConVacio_20260602_130526_CFG016_CONFIG_09_-_B5F_AVG4_ADC16384;184_ConVacio;BLOQUE_16CFG_184_ConVacio_20260602_130526_CFG016_CONFIG_09_-_B5F_AVG4_ADC16384;configurations;toma con tabla personalizada de configuraciones;CONFIG 09 - B5F_AVG4_ADC16384;103;19.645530;18914;45176;31.05;2281;95;95;4;100;411;16384;50;0;confirmada;2026-06-02T13:16:09.131
BLOQUE_16CFG_184_ConVacio_20260602_130526_CFG016_CONFIG_09_-_B5F_AVG4_ADC16384;184_ConVacio;BLOQUE_16CFG_184_ConVacio_20260602_130526_CFG016_CONFIG_09_-_B5F_AVG4_ADC16384;configurations;toma con tabla personalizada de configuraciones;CONFIG 09 - B5F_AVG4_ADC16384;104;19.765991;18908;45144;29.78;2233;95;95;4;100;411;16384;50;0;confirmada;2026-06-02T13:16:09.131
BLOQUE_16CFG_184_ConVacio_20260602_130526_CFG016_CONFIG_09_-_B5F_AVG4_ADC16384;184_ConVacio;BLOQUE_16CFG_184_ConVacio_20260602_130526_CFG016_CONFIG_09_-_B5F_AVG4_ADC16384;configurations;toma con tabla personalizada de configuraciones;CONFIG 09 - B5F_AVG4_ADC16384;105;19.846557;18905;45125;30.60;2264;95;95;4;100;411;16384;50;0;confirmada;2026-06-02T13:16:09.131
BLOQUE_16CFG_184_ConVacio_20260602_130526_CFG016_CONFIG_09_-_B5F_AVG4_ADC16384;184_ConVacio;BLOQUE_16CFG_184_ConVacio_20260602_130526_CFG016_CONFIG_09_-_B5F_AVG4_ADC16384;configurations;toma con tabla personalizada de configuraciones;CONFIG 09 - B5F_AVG4_ADC16384;106;19.966622;18897;45050;30.46;2259;95;95;4;100;411;16384;50;0;confirmada;2026-06-02T13:16:09.131
BLOQUE_16CFG_184_ConVacio_20260602_130526_CFG016_CONFIG_09_-_B5F_AVG4_ADC16384;184_ConVacio;BLOQUE_16CFG_184_ConVacio_20260602_130526_CFG016_CONFIG_09_-_B5F_AVG4_ADC16384;configurations;toma con tabla personalizada de configuraciones;CONFIG 09 - B5F_AVG4_ADC16384;107;20.047018;18896;45027;30.20;2249;95;95;4;100;411;16384;50;0;confirmada;2026-06-02T13:16:09.131
BLOQUE_16CFG_184_ConVacio_20260602_130526_CFG016_CONFIG_09_-_B5F_AVG4_ADC16384;184_ConVacio;BLOQUE_16CFG_184_ConVacio_20260602_130526_CFG016_CONFIG_09_-_B5F_AVG4_ADC16384;configurations;toma con tabla personalizada de configuraciones;CONFIG 09 - B5F_AVG4_ADC16384;108;20.167293;18890;45013;29.70;2230;95;95;4;100;411;16384;50;0;confirmada;2026-06-02T13:16:09.131
BLOQUE_16CFG_184_ConVacio_20260602_130526_CFG016_CONFIG_09_-_B5F_AVG4_ADC16384;184_ConVacio;BLOQUE_16CFG_184_ConVacio_20260602_130526_CFG016_CONFIG_09_-_B5F_AVG4_ADC16384;configurations;toma con tabla personalizada de configuraciones;CONFIG 09 - B5F_AVG4_ADC16384;109;20.247951;18885;44997;29.83;2235;95;95;4;100;411;16384;50;0;confirmada;2026-06-02T13:16:09.131
BLOQUE_16CFG_184_ConVacio_20260602_130526_CFG016_CONFIG_09_-_B5F_AVG4_ADC16384;184_ConVacio;BLOQUE_16CFG_184_ConVacio_20260602_130526_CFG016_CONFIG_09_-_B5F_AVG4_ADC16384;configurations;toma con tabla personalizada de configuraciones;CONFIG 09 - B5F_AVG4_ADC16384;110;20.367868;18877;44965;29.80;2234;95;95;4;100;411;16384;50;0;confirmada;2026-06-02T13:16:09.131
BLOQUE_16CFG_184_ConVacio_20260602_130526_CFG016_CONFIG_09_-_B5F_AVG4_ADC16384;184_ConVacio;BLOQUE_16CFG_184_ConVacio_20260602_130526_CFG016_CONFIG_09_-_B5F_AVG4_ADC16384;configurations;toma con tabla personalizada de configuraciones;CONFIG 09 - B5F_AVG4_ADC16384;111;20.448257;18874;44941;30.46;2259;95;95;4;100;411;16384;50;0;confirmada;2026-06-02T13:16:09.131
BLOQUE_16CFG_184_ConVacio_20260602_130526_CFG016_CONFIG_09_-_B5F_AVG4_ADC16384;184_ConVacio;BLOQUE_16CFG_184_ConVacio_20260602_130526_CFG016_CONFIG_09_-_B5F_AVG4_ADC16384;configurations;toma con tabla personalizada de configuraciones;CONFIG 09 - B5F_AVG4_ADC16384;112;20.568411;18864;44917;30.65;2266;95;95;4;100;411;16384;50;0;confirmada;2026-06-02T13:16:09.131
BLOQUE_16CFG_184_ConVacio_20260602_130526_CFG016_CONFIG_09_-_B5F_AVG4_ADC16384;184_ConVacio;BLOQUE_16CFG_184_ConVacio_20260602_130526_CFG016_CONFIG_09_-_B5F_AVG4_ADC16384;configurations;toma con tabla personalizada de configuraciones;CONFIG 09 - B5F_AVG4_ADC16384;113;20.648205;18866;44868;30.49;2260;95;95;4;100;411;16384;50;0;confirmada;2026-06-02T13:16:09.131
BLOQUE_16CFG_184_ConVacio_20260602_130526_CFG016_CONFIG_09_-_B5F_AVG4_ADC16384;184_ConVacio;BLOQUE_16CFG_184_ConVacio_20260602_130526_CFG016_CONFIG_09_-_B5F_AVG4_ADC16384;configurations;toma con tabla personalizada de configuraciones;CONFIG 09 - B5F_AVG4_ADC16384;114;20.769027;18853;44827;30.65;2266;95;95;4;100;411;16384;50;0;confirmada;2026-06-02T13:16:09.131
BLOQUE_16CFG_184_ConVacio_20260602_130526_CFG016_CONFIG_09_-_B5F_AVG4_ADC16384;184_ConVacio;BLOQUE_16CFG_184_ConVacio_20260602_130526_CFG016_CONFIG_09_-_B5F_AVG4_ADC16384;configurations;toma con tabla personalizada de configuraciones;CONFIG 09 - B5F_AVG4_ADC16384;115;20.849682;18852;44811;30.70;2268;95;95;4;100;411;16384;50;0;confirmada;2026-06-02T13:16:09.131
BLOQUE_16CFG_184_ConVacio_20260602_130526_CFG016_CONFIG_09_-_B5F_AVG4_ADC16384;184_ConVacio;BLOQUE_16CFG_184_ConVacio_20260602_130526_CFG016_CONFIG_09_-_B5F_AVG4_ADC16384;configurations;toma con tabla personalizada de configuraciones;CONFIG 09 - B5F_AVG4_ADC16384;116;20.969782;18840;44800;30.07;2244;95;95;4;100;411;16384;50;0;confirmada;2026-06-02T13:16:09.131
BLOQUE_16CFG_184_ConVacio_20260602_130526_CFG016_CONFIG_09_-_B5F_AVG4_ADC16384;184_ConVacio;BLOQUE_16CFG_184_ConVacio_20260602_130526_CFG016_CONFIG_09_-_B5F_AVG4_ADC16384;configurations;toma con tabla personalizada de configuraciones;CONFIG 09 - B5F_AVG4_ADC16384;117;21.049904;18836;44777;30.57;2263;95;95;4;100;411;16384;50;0;confirmada;2026-06-02T13:16:09.131
BLOQUE_16CFG_184_ConVacio_20260602_130526_CFG016_CONFIG_09_-_B5F_AVG4_ADC16384;184_ConVacio;BLOQUE_16CFG_184_ConVacio_20260602_130526_CFG016_CONFIG_09_-_B5F_AVG4_ADC16384;configurations;toma con tabla personalizada de configuraciones;CONFIG 09 - B5F_AVG4_ADC16384;118;21.170345;18829;44752;30.78;2271;95;95;4;100;411;16384;50;0;confirmada;2026-06-02T13:16:09.131
BLOQUE_16CFG_184_ConVacio_20260602_130526_CFG016_CONFIG_09_-_B5F_AVG4_ADC16384;184_ConVacio;BLOQUE_16CFG_184_ConVacio_20260602_130526_CFG016_CONFIG_09_-_B5F_AVG4_ADC16384;configurations;toma con tabla personalizada de configuraciones;CONFIG 09 - B5F_AVG4_ADC16384;119;21.250561;18822;44737;31.02;2280;95;95;4;100;411;16384;50;0;confirmada;2026-06-02T13:16:09.131
BLOQUE_16CFG_184_ConVacio_20260602_130526_CFG016_CONFIG_09_-_B5F_AVG4_ADC16384;184_ConVacio;BLOQUE_16CFG_184_ConVacio_20260602_130526_CFG016_CONFIG_09_-_B5F_AVG4_ADC16384;configurations;toma con tabla personalizada de configuraciones;CONFIG 09 - B5F_AVG4_ADC16384;120;21.370862;18815;44696;30.54;2262;95;95;4;100;411;16384;50;0;confirmada;2026-06-02T13:16:09.131
BLOQUE_16CFG_184_ConVacio_20260602_130526_CFG016_CONFIG_09_-_B5F_AVG4_ADC16384;184_ConVacio;BLOQUE_16CFG_184_ConVacio_20260602_130526_CFG016_CONFIG_09_-_B5F_AVG4_ADC16384;configurations;toma con tabla personalizada de configuraciones;CONFIG 09 - B5F_AVG4_ADC16384;121;21.451039;18811;44655;30.73;2269;95;95;4;100;411;16384;50;0;confirmada;2026-06-02T13:16:09.131
BLOQUE_16CFG_184_ConVacio_20260602_130526_CFG016_CONFIG_09_-_B5F_AVG4_ADC16384;184_ConVacio;BLOQUE_16CFG_184_ConVacio_20260602_130526_CFG016_CONFIG_09_-_B5F_AVG4_ADC16384;configurations;toma con tabla personalizada de configuraciones;CONFIG 09 - B5F_AVG4_ADC16384;122;21.571513;18802;44630;29.88;2237;95;95;4;100;411;16384;50;0;confirmada;2026-06-02T13:16:09.131
BLOQUE_16CFG_184_ConVacio_20260602_130526_CFG016_CONFIG_09_-_B5F_AVG4_ADC16384;184_ConVacio;BLOQUE_16CFG_184_ConVacio_20260602_130526_CFG016_CONFIG_09_-_B5F_AVG4_ADC16384;configurations;toma con tabla personalizada de configuraciones;CONFIG 09 - B5F_AVG4_ADC16384;123;21.651721;18793;44637;30.81;2272;95;95;4;100;411;16384;50;0;confirmada;2026-06-02T13:16:09.131
BLOQUE_16CFG_184_ConVacio_20260602_130526_CFG016_CONFIG_09_-_B5F_AVG4_ADC16384;184_ConVacio;BLOQUE_16CFG_184_ConVacio_20260602_130526_CFG016_CONFIG_09_-_B5F_AVG4_ADC16384;configurations;toma con tabla personalizada de configuraciones;CONFIG 09 - B5F_AVG4_ADC16384;124;21.772098;18791;44625;29.83;2235;95;95;4;100;411;16384;50;0;confirmada;2026-06-02T13:16:09.131
BLOQUE_16CFG_184_ConVacio_20260602_130526_CFG016_CONFIG_09_-_B5F_AVG4_ADC16384;184_ConVacio;BLOQUE_16CFG_184_ConVacio_20260602_130526_CFG016_CONFIG_09_-_B5F_AVG4_ADC16384;configurations;toma con tabla personalizada de configuraciones;CONFIG 09 - B5F_AVG4_ADC16384;125;21.851875;18786;44611;30.81;2272;95;95;4;100;411;16384;50;0;confirmada;2026-06-02T13:16:09.131
BLOQUE_16CFG_184_ConVacio_20260602_130526_CFG016_CONFIG_09_-_B5F_AVG4_ADC16384;184_ConVacio;BLOQUE_16CFG_184_ConVacio_20260602_130526_CFG016_CONFIG_09_-_B5F_AVG4_ADC16384;configurations;toma con tabla personalizada de configuraciones;CONFIG 09 - B5F_AVG4_ADC16384;126;21.972770;18776;44592;30.70;2268;95;95;4;100;411;16384;50;0;confirmada;2026-06-02T13:16:09.131
BLOQUE_16CFG_184_ConVacio_20260602_130526_CFG016_CONFIG_09_-_B5F_AVG4_ADC16384;184_ConVacio;BLOQUE_16CFG_184_ConVacio_20260602_130526_CFG016_CONFIG_09_-_B5F_AVG4_ADC16384;configurations;toma con tabla personalizada de configuraciones;CONFIG 09 - B5F_AVG4_ADC16384;127;22.053097;18767;44589;31.10;2283;95;95;4;100;411;16384;50;0;confirmada;2026-06-02T13:16:09.131
BLOQUE_16CFG_184_ConVacio_20260602_130526_CFG016_CONFIG_09_-_B5F_AVG4_ADC16384;184_ConVacio;BLOQUE_16CFG_184_ConVacio_20260602_130526_CFG016_CONFIG_09_-_B5F_AVG4_ADC16384;configurations;toma con tabla personalizada de configuraciones;CONFIG 09 - B5F_AVG4_ADC16384;128;22.173368;18762;44589;30.28;2252;95;95;4;100;411;16384;50;0;confirmada;2026-06-02T13:16:09.131
BLOQUE_16CFG_184_ConVacio_20260602_130526_CFG016_CONFIG_09_-_B5F_AVG4_ADC16384;184_ConVacio;BLOQUE_16CFG_184_ConVacio_20260602_130526_CFG016_CONFIG_09_-_B5F_AVG4_ADC16384;configurations;toma con tabla personalizada de configuraciones;CONFIG 09 - B5F_AVG4_ADC16384;129;22.253330;18759;44585;30.52;2261;95;95;4;100;411;16384;50;0;confirmada;2026-06-02T13:16:09.131
BLOQUE_16CFG_184_ConVacio_20260602_130526_CFG016_CONFIG_09_-_B5F_AVG4_ADC16384;184_ConVacio;BLOQUE_16CFG_184_ConVacio_20260602_130526_CFG016_CONFIG_09_-_B5F_AVG4_ADC16384;configurations;toma con tabla personalizada de configuraciones;CONFIG 09 - B5F_AVG4_ADC16384;130;22.373892;18752;44587;30.68;2267;95;95;4;100;411;16384;50;0;confirmada;2026-06-02T13:16:09.131
BLOQUE_16CFG_184_ConVacio_20260602_130526_CFG016_CONFIG_09_-_B5F_AVG4_ADC16384;184_ConVacio;BLOQUE_16CFG_184_ConVacio_20260602_130526_CFG016_CONFIG_09_-_B5F_AVG4_ADC16384;configurations;toma con tabla personalizada de configuraciones;CONFIG 09 - B5F_AVG4_ADC16384;131;22.454345;18750;44552;30.65;2266;95;95;4;100;411;16384;50;0;confirmada;2026-06-02T13:16:09.131
BLOQUE_16CFG_184_ConVacio_20260602_130526_CFG016_CONFIG_09_-_B5F_AVG4_ADC16384;184_ConVacio;BLOQUE_16CFG_184_ConVacio_20260602_130526_CFG016_CONFIG_09_-_B5F_AVG4_ADC16384;configurations;toma con tabla personalizada de configuraciones;CONFIG 09 - B5F_AVG4_ADC16384;132;22.574546;18743;44535;30.84;2273;95;95;4;100;411;16384;50;0;confirmada;2026-06-02T13:16:09.131
BLOQUE_16CFG_184_ConVacio_20260602_130526_CFG016_CONFIG_09_-_B5F_AVG4_ADC16384;184_ConVacio;BLOQUE_16CFG_184_ConVacio_20260602_130526_CFG016_CONFIG_09_-_B5F_AVG4_ADC16384;configurations;toma con tabla personalizada de configuraciones;CONFIG 09 - B5F_AVG4_ADC16384;133;22.654800;18739;44559;29.96;2240;95;95;4;100;411;16384;50;0;confirmada;2026-06-02T13:16:09.131
BLOQUE_16CFG_184_ConVacio_20260602_130526_CFG016_CONFIG_09_-_B5F_AVG4_ADC16384;184_ConVacio;BLOQUE_16CFG_184_ConVacio_20260602_130526_CFG016_CONFIG_09_-_B5F_AVG4_ADC16384;configurations;toma con tabla personalizada de configuraciones;CONFIG 09 - B5F_AVG4_ADC16384;134;22.775151;18740;44598;30.54;2262;95;95;4;100;411;16384;50;0;confirmada;2026-06-02T13:16:09.131
BLOQUE_16CFG_184_ConVacio_20260602_130526_CFG016_CONFIG_09_-_B5F_AVG4_ADC16384;184_ConVacio;BLOQUE_16CFG_184_ConVacio_20260602_130526_CFG016_CONFIG_09_-_B5F_AVG4_ADC16384;configurations;toma con tabla personalizada de configuraciones;CONFIG 09 - B5F_AVG4_ADC16384;135;22.855609;18735;44609;29.96;2240;95;95;4;100;411;16384;50;0;confirmada;2026-06-02T13:16:09.131
BLOQUE_16CFG_184_ConVacio_20260602_130526_CFG016_CONFIG_09_-_B5F_AVG4_ADC16384;184_ConVacio;BLOQUE_16CFG_184_ConVacio_20260602_130526_CFG016_CONFIG_09_-_B5F_AVG4_ADC16384;configurations;toma con tabla personalizada de configuraciones;CONFIG 09 - B5F_AVG4_ADC16384;136;22.975766;18739;44642;30.86;2274;95;95;4;100;411;16384;50;0;confirmada;2026-06-02T13:16:09.131
BLOQUE_16CFG_184_ConVacio_20260602_130526_CFG016_CONFIG_09_-_B5F_AVG4_ADC16384;184_ConVacio;BLOQUE_16CFG_184_ConVacio_20260602_130526_CFG016_CONFIG_09_-_B5F_AVG4_ADC16384;configurations;toma con tabla personalizada de configuraciones;CONFIG 09 - B5F_AVG4_ADC16384;137;23.056511;18740;44665;30.68;2267;95;95;4;100;411;16384;50;0;confirmada;2026-06-02T13:16:09.131
BLOQUE_16CFG_184_ConVacio_20260602_130526_CFG016_CONFIG_09_-_B5F_AVG4_ADC16384;184_ConVacio;BLOQUE_16CFG_184_ConVacio_20260602_130526_CFG016_CONFIG_09_-_B5F_AVG4_ADC16384;configurations;toma con tabla personalizada de configuraciones;CONFIG 09 - B5F_AVG4_ADC16384;138;23.176239;18736;44674;31.10;2283;95;95;4;100;411;16384;50;0;confirmada;2026-06-02T13:16:09.131
BLOQUE_16CFG_184_ConVacio_20260602_130526_CFG016_CONFIG_09_-_B5F_AVG4_ADC16384;184_ConVacio;BLOQUE_16CFG_184_ConVacio_20260602_130526_CFG016_CONFIG_09_-_B5F_AVG4_ADC16384;configurations;toma con tabla personalizada de configuraciones;CONFIG 09 - B5F_AVG4_ADC16384;139;23.256681;18735;44687;30.38;2256;95;95;4;100;411;16384;50;0;confirmada;2026-06-02T13:16:09.131
BLOQUE_16CFG_184_ConVacio_20260602_130526_CFG016_CONFIG_09_-_B5F_AVG4_ADC16384;184_ConVacio;BLOQUE_16CFG_184_ConVacio_20260602_130526_CFG016_CONFIG_09_-_B5F_AVG4_ADC16384;configurations;toma con tabla personalizada de configuraciones;CONFIG 09 - B5F_AVG4_ADC16384;140;23.376969;18737;44737;30.54;2262;95;95;4;100;411;16384;50;0;confirmada;2026-06-02T13:16:09.131
BLOQUE_16CFG_184_ConVacio_20260602_130526_CFG016_CONFIG_09_-_B5F_AVG4_ADC16384;184_ConVacio;BLOQUE_16CFG_184_ConVacio_20260602_130526_CFG016_CONFIG_09_-_B5F_AVG4_ADC16384;configurations;toma con tabla personalizada de configuraciones;CONFIG 09 - B5F_AVG4_ADC16384;141;23.457245;18740;44772;30.49;2260;95;95;4;100;411;16384;50;0;confirmada;2026-06-02T13:16:09.131
BLOQUE_16CFG_184_ConVacio_20260602_130526_CFG016_CONFIG_09_-_B5F_AVG4_ADC16384;184_ConVacio;BLOQUE_16CFG_184_ConVacio_20260602_130526_CFG016_CONFIG_09_-_B5F_AVG4_ADC16384;configurations;toma con tabla personalizada de configuraciones;CONFIG 09 - B5F_AVG4_ADC16384;142;23.577497;18737;44811;29.99;2241;95;95;4;100;411;16384;50;0;confirmada;2026-06-02T13:16:09.131
BLOQUE_16CFG_184_ConVacio_20260602_130526_CFG016_CONFIG_09_-_B5F_AVG4_ADC16384;184_ConVacio;BLOQUE_16CFG_184_ConVacio_20260602_130526_CFG016_CONFIG_09_-_B5F_AVG4_ADC16384;configurations;toma con tabla personalizada de configuraciones;CONFIG 09 - B5F_AVG4_ADC16384;143;23.657285;18740;44834;31.00;2279;95;95;4;100;411;16384;50;0;confirmada;2026-06-02T13:16:09.131
BLOQUE_16CFG_184_ConVacio_20260602_130526_CFG016_CONFIG_09_-_B5F_AVG4_ADC16384;184_ConVacio;BLOQUE_16CFG_184_ConVacio_20260602_130526_CFG016_CONFIG_09_-_B5F_AVG4_ADC16384;configurations;toma con tabla personalizada de configuraciones;CONFIG 09 - B5F_AVG4_ADC16384;144;23.778132;18743;44871;31.21;2287;95;95;4;100;411;16384;50;0;confirmada;2026-06-02T13:16:09.131
BLOQUE_16CFG_184_ConVacio_20260602_130526_CFG016_CONFIG_09_-_B5F_AVG4_ADC16384;184_ConVacio;BLOQUE_16CFG_184_ConVacio_20260602_130526_CFG016_CONFIG_09_-_B5F_AVG4_ADC16384;configurations;toma con tabla personalizada de configuraciones;CONFIG 09 - B5F_AVG4_ADC16384;145;23.858227;18742;44881;30.81;2272;95;95;4;100;411;16384;50;0;confirmada;2026-06-02T13:16:09.131
BLOQUE_16CFG_184_ConVacio_20260602_130526_CFG016_CONFIG_09_-_B5F_AVG4_ADC16384;184_ConVacio;BLOQUE_16CFG_184_ConVacio_20260602_130526_CFG016_CONFIG_09_-_B5F_AVG4_ADC16384;configurations;toma con tabla personalizada de configuraciones;CONFIG 09 - B5F_AVG4_ADC16384;146;23.978889;18743;44880;31.18;2286;95;95;4;100;411;16384;50;0;confirmada;2026-06-02T13:16:09.131
BLOQUE_16CFG_184_ConVacio_20260602_130526_CFG016_CONFIG_09_-_B5F_AVG4_ADC16384;184_ConVacio;BLOQUE_16CFG_184_ConVacio_20260602_130526_CFG016_CONFIG_09_-_B5F_AVG4_ADC16384;configurations;toma con tabla personalizada de configuraciones;CONFIG 09 - B5F_AVG4_ADC16384;147;24.059152;18743;44898;30.65;2266;95;95;4;100;411;16384;50;0;confirmada;2026-06-02T13:16:09.131
BLOQUE_16CFG_184_ConVacio_20260602_130526_CFG016_CONFIG_09_-_B5F_AVG4_ADC16384;184_ConVacio;BLOQUE_16CFG_184_ConVacio_20260602_130526_CFG016_CONFIG_09_-_B5F_AVG4_ADC16384;configurations;toma con tabla personalizada de configuraciones;CONFIG 09 - B5F_AVG4_ADC16384;148;24.179376;18748;44948;29.80;2234;95;95;4;100;411;16384;50;0;confirmada;2026-06-02T13:16:09.131
BLOQUE_16CFG_184_ConVacio_20260602_130526_CFG016_CONFIG_09_-_B5F_AVG4_ADC16384;184_ConVacio;BLOQUE_16CFG_184_ConVacio_20260602_130526_CFG016_CONFIG_09_-_B5F_AVG4_ADC16384;configurations;toma con tabla personalizada de configuraciones;CONFIG 09 - B5F_AVG4_ADC16384;149;24.259292;18747;44962;30.46;2259;95;95;4;100;411;16384;50;0;confirmada;2026-06-02T13:16:09.131
BLOQUE_16CFG_184_ConVacio_20260602_130526_CFG016_CONFIG_09_-_B5F_AVG4_ADC16384;184_ConVacio;BLOQUE_16CFG_184_ConVacio_20260602_130526_CFG016_CONFIG_09_-_B5F_AVG4_ADC16384;configurations;toma con tabla personalizada de configuraciones;CONFIG 09 - B5F_AVG4_ADC16384;150;24.380089;18750;44985;30.81;2272;95;95;4;100;411;16384;50;0;confirmada;2026-06-02T13:16:09.131
BLOQUE_16CFG_184_ConVacio_20260602_130526_CFG016_CONFIG_09_-_B5F_AVG4_ADC16384;184_ConVacio;BLOQUE_16CFG_184_ConVacio_20260602_130526_CFG016_CONFIG_09_-_B5F_AVG4_ADC16384;configurations;toma con tabla personalizada de configuraciones;CONFIG 09 - B5F_AVG4_ADC16384;151;24.460323;18753;44997;31.08;2282;95;95;4;100;411;16384;50;0;confirmada;2026-06-02T13:16:09.131
BLOQUE_16CFG_184_ConVacio_20260602_130526_CFG016_CONFIG_09_-_B5F_AVG4_ADC16384;184_ConVacio;BLOQUE_16CFG_184_ConVacio_20260602_130526_CFG016_CONFIG_09_-_B5F_AVG4_ADC16384;configurations;toma con tabla personalizada de configuraciones;CONFIG 09 - B5F_AVG4_ADC16384;152;24.580749;18753;45012;30.17;2248;95;95;4;100;411;16384;50;0;confirmada;2026-06-02T13:16:09.131
BLOQUE_16CFG_184_ConVacio_20260602_130526_CFG016_CONFIG_09_-_B5F_AVG4_ADC16384;184_ConVacio;BLOQUE_16CFG_184_ConVacio_20260602_130526_CFG016_CONFIG_09_-_B5F_AVG4_ADC16384;configurations;toma con tabla personalizada de configuraciones;CONFIG 09 - B5F_AVG4_ADC16384;153;24.660829;18758;44989;30.97;2278;95;95;4;100;411;16384;50;0;confirmada;2026-06-02T13:16:09.131
BLOQUE_16CFG_184_ConVacio_20260602_130526_CFG016_CONFIG_09_-_B5F_AVG4_ADC16384;184_ConVacio;BLOQUE_16CFG_184_ConVacio_20260602_130526_CFG016_CONFIG_09_-_B5F_AVG4_ADC16384;configurations;toma con tabla personalizada de configuraciones;CONFIG 09 - B5F_AVG4_ADC16384;154;24.781148;18758;44996;29.96;2240;95;95;4;100;411;16384;50;0;confirmada;2026-06-02T13:16:09.131
BLOQUE_16CFG_184_ConVacio_20260602_130526_CFG016_CONFIG_09_-_B5F_AVG4_ADC16384;184_ConVacio;BLOQUE_16CFG_184_ConVacio_20260602_130526_CFG016_CONFIG_09_-_B5F_AVG4_ADC16384;configurations;toma con tabla personalizada de configuraciones;CONFIG 09 - B5F_AVG4_ADC16384;155;24.861192;18760;45008;30.84;2273;95;95;4;100;411;16384;50;0;confirmada;2026-06-02T13:16:09.131
BLOQUE_16CFG_184_ConVacio_20260602_130526_CFG016_CONFIG_09_-_B5F_AVG4_ADC16384;184_ConVacio;BLOQUE_16CFG_184_ConVacio_20260602_130526_CFG016_CONFIG_09_-_B5F_AVG4_ADC16384;configurations;toma con tabla personalizada de configuraciones;CONFIG 09 - B5F_AVG4_ADC16384;156;24.981963;18759;45024;30.78;2271;95;95;4;100;411;16384;50;0;confirmada;2026-06-02T13:16:09.131
BLOQUE_16CFG_184_ConVacio_20260602_130526_CFG016_CONFIG_09_-_B5F_AVG4_ADC16384;184_ConVacio;BLOQUE_16CFG_184_ConVacio_20260602_130526_CFG016_CONFIG_09_-_B5F_AVG4_ADC16384;configurations;toma con tabla personalizada de configuraciones;CONFIG 09 - B5F_AVG4_ADC16384;157;25.062120;18761;45026;30.17;2248;95;95;4;100;411;16384;50;0;confirmada;2026-06-02T13:16:09.131
BLOQUE_16CFG_184_ConVacio_20260602_130526_CFG016_CONFIG_09_-_B5F_AVG4_ADC16384;184_ConVacio;BLOQUE_16CFG_184_ConVacio_20260602_130526_CFG016_CONFIG_09_-_B5F_AVG4_ADC16384;configurations;toma con tabla personalizada de configuraciones;CONFIG 09 - B5F_AVG4_ADC16384;158;25.182523;18762;45030;29.83;2235;95;95;4;100;411;16384;50;0;confirmada;2026-06-02T13:16:09.131
BLOQUE_16CFG_184_ConVacio_20260602_130526_CFG016_CONFIG_09_-_B5F_AVG4_ADC16384;184_ConVacio;BLOQUE_16CFG_184_ConVacio_20260602_130526_CFG016_CONFIG_09_-_B5F_AVG4_ADC16384;configurations;toma con tabla personalizada de configuraciones;CONFIG 09 - B5F_AVG4_ADC16384;159;25.262810;18763;45029;30.92;2276;95;95;4;100;411;16384;50;0;confirmada;2026-06-02T13:16:09.131
BLOQUE_16CFG_184_ConVacio_20260602_130526_CFG016_CONFIG_09_-_B5F_AVG4_ADC16384;184_ConVacio;BLOQUE_16CFG_184_ConVacio_20260602_130526_CFG016_CONFIG_09_-_B5F_AVG4_ADC16384;configurations;toma con tabla personalizada de configuraciones;CONFIG 09 - B5F_AVG4_ADC16384;160;25.383029;18762;44977;32.34;2329;95;95;4;100;411;16384;50;0;confirmada;2026-06-02T13:16:09.131
BLOQUE_16CFG_184_ConVacio_20260602_130526_CFG016_CONFIG_09_-_B5F_AVG4_ADC16384;184_ConVacio;BLOQUE_16CFG_184_ConVacio_20260602_130526_CFG016_CONFIG_09_-_B5F_AVG4_ADC16384;configurations;toma con tabla personalizada de configuraciones;CONFIG 09 - B5F_AVG4_ADC16384;161;25.463343;18764;44973;30.54;2262;95;95;4;100;411;16384;50;0;confirmada;2026-06-02T13:16:09.131
BLOQUE_16CFG_184_ConVacio_20260602_130526_CFG016_CONFIG_09_-_B5F_AVG4_ADC16384;184_ConVacio;BLOQUE_16CFG_184_ConVacio_20260602_130526_CFG016_CONFIG_09_-_B5F_AVG4_ADC16384;configurations;toma con tabla personalizada de configuraciones;CONFIG 09 - B5F_AVG4_ADC16384;162;25.583739;18771;44981;31.21;2287;95;95;4;100;411;16384;50;0;confirmada;2026-06-02T13:16:09.131
BLOQUE_16CFG_184_ConVacio_20260602_130526_CFG016_CONFIG_09_-_B5F_AVG4_ADC16384;184_ConVacio;BLOQUE_16CFG_184_ConVacio_20260602_130526_CFG016_CONFIG_09_-_B5F_AVG4_ADC16384;configurations;toma con tabla personalizada de configuraciones;CONFIG 09 - B5F_AVG4_ADC16384;163;25.663954;18767;44974;30.57;2263;95;95;4;100;411;16384;50;0;confirmada;2026-06-02T13:16:09.131
BLOQUE_16CFG_184_ConVacio_20260602_130526_CFG016_CONFIG_09_-_B5F_AVG4_ADC16384;184_ConVacio;BLOQUE_16CFG_184_ConVacio_20260602_130526_CFG016_CONFIG_09_-_B5F_AVG4_ADC16384;configurations;toma con tabla personalizada de configuraciones;CONFIG 09 - B5F_AVG4_ADC16384;164;25.784363;18771;44948;30.81;2272;95;95;4;100;411;16384;50;0;confirmada;2026-06-02T13:16:09.131
BLOQUE_16CFG_184_ConVacio_20260602_130526_CFG016_CONFIG_09_-_B5F_AVG4_ADC16384;184_ConVacio;BLOQUE_16CFG_184_ConVacio_20260602_130526_CFG016_CONFIG_09_-_B5F_AVG4_ADC16384;configurations;toma con tabla personalizada de configuraciones;CONFIG 09 - B5F_AVG4_ADC16384;165;25.864705;18767;44931;30.15;2247;95;95;4;100;411;16384;50;0;confirmada;2026-06-02T13:16:09.131
BLOQUE_16CFG_184_ConVacio_20260602_130526_CFG016_CONFIG_09_-_B5F_AVG4_ADC16384;184_ConVacio;BLOQUE_16CFG_184_ConVacio_20260602_130526_CFG016_CONFIG_09_-_B5F_AVG4_ADC16384;configurations;toma con tabla personalizada de configuraciones;CONFIG 09 - B5F_AVG4_ADC16384;166;25.984829;18768;44905;30.49;2260;95;95;4;100;411;16384;50;0;confirmada;2026-06-02T13:16:09.131
BLOQUE_16CFG_184_ConVacio_20260602_130526_CFG016_CONFIG_09_-_B5F_AVG4_ADC16384;184_ConVacio;BLOQUE_16CFG_184_ConVacio_20260602_130526_CFG016_CONFIG_09_-_B5F_AVG4_ADC16384;configurations;toma con tabla personalizada de configuraciones;CONFIG 09 - B5F_AVG4_ADC16384;167;26.064685;18768;44849;30.94;2277;95;95;4;100;411;16384;50;0;confirmada;2026-06-02T13:16:09.131
BLOQUE_16CFG_184_ConVacio_20260602_130526_CFG016_CONFIG_09_-_B5F_AVG4_ADC16384;184_ConVacio;BLOQUE_16CFG_184_ConVacio_20260602_130526_CFG016_CONFIG_09_-_B5F_AVG4_ADC16384;configurations;toma con tabla personalizada de configuraciones;CONFIG 09 - B5F_AVG4_ADC16384;168;26.185400;18768;44807;30.49;2260;95;95;4;100;411;16384;50;0;confirmada;2026-06-02T13:16:09.131
BLOQUE_16CFG_184_ConVacio_20260602_130526_CFG016_CONFIG_09_-_B5F_AVG4_ADC16384;184_ConVacio;BLOQUE_16CFG_184_ConVacio_20260602_130526_CFG016_CONFIG_09_-_B5F_AVG4_ADC16384;configurations;toma con tabla personalizada de configuraciones;CONFIG 09 - B5F_AVG4_ADC16384;169;26.265588;18762;44793;30.76;2270;95;95;4;100;411;16384;50;0;confirmada;2026-06-02T13:16:09.131
BLOQUE_16CFG_184_ConVacio_20260602_130526_CFG016_CONFIG_09_-_B5F_AVG4_ADC16384;184_ConVacio;BLOQUE_16CFG_184_ConVacio_20260602_130526_CFG016_CONFIG_09_-_B5F_AVG4_ADC16384;configurations;toma con tabla personalizada de configuraciones;CONFIG 09 - B5F_AVG4_ADC16384;170;26.386015;18760;44767;30.81;2272;95;95;4;100;411;16384;50;0;confirmada;2026-06-02T13:16:09.131
BLOQUE_16CFG_184_ConVacio_20260602_130526_CFG016_CONFIG_09_-_B5F_AVG4_ADC16384;184_ConVacio;BLOQUE_16CFG_184_ConVacio_20260602_130526_CFG016_CONFIG_09_-_B5F_AVG4_ADC16384;configurations;toma con tabla personalizada de configuraciones;CONFIG 09 - B5F_AVG4_ADC16384;171;26.466468;18762;44742;29.80;2234;95;95;4;100;411;16384;50;0;confirmada;2026-06-02T13:16:09.131
BLOQUE_16CFG_184_ConVacio_20260602_130526_CFG016_CONFIG_09_-_B5F_AVG4_ADC16384;184_ConVacio;BLOQUE_16CFG_184_ConVacio_20260602_130526_CFG016_CONFIG_09_-_B5F_AVG4_ADC16384;configurations;toma con tabla personalizada de configuraciones;CONFIG 09 - B5F_AVG4_ADC16384;172;26.586746;18754;44705;30.84;2273;95;95;4;100;411;16384;50;0;confirmada;2026-06-02T13:16:09.131
BLOQUE_16CFG_184_ConVacio_20260602_130526_CFG016_CONFIG_09_-_B5F_AVG4_ADC16384;184_ConVacio;BLOQUE_16CFG_184_ConVacio_20260602_130526_CFG016_CONFIG_09_-_B5F_AVG4_ADC16384;configurations;toma con tabla personalizada de configuraciones;CONFIG 09 - B5F_AVG4_ADC16384;173;26.667299;18755;44693;30.68;2267;95;95;4;100;411;16384;50;0;confirmada;2026-06-02T13:16:09.131
BLOQUE_16CFG_184_ConVacio_20260602_130526_CFG016_CONFIG_09_-_B5F_AVG4_ADC16384;184_ConVacio;BLOQUE_16CFG_184_ConVacio_20260602_130526_CFG016_CONFIG_09_-_B5F_AVG4_ADC16384;configurations;toma con tabla personalizada de configuraciones;CONFIG 09 - B5F_AVG4_ADC16384;174;26.787352;18753;44671;31.13;2284;95;95;4;100;411;16384;50;0;confirmada;2026-06-02T13:16:09.131
BLOQUE_16CFG_184_ConVacio_20260602_130526_CFG016_CONFIG_09_-_B5F_AVG4_ADC16384;184_ConVacio;BLOQUE_16CFG_184_ConVacio_20260602_130526_CFG016_CONFIG_09_-_B5F_AVG4_ADC16384;configurations;toma con tabla personalizada de configuraciones;CONFIG 09 - B5F_AVG4_ADC16384;175;26.867797;18752;44654;30.07;2244;95;95;4;100;411;16384;50;0;confirmada;2026-06-02T13:16:09.131
BLOQUE_16CFG_184_ConVacio_20260602_130526_CFG016_CONFIG_09_-_B5F_AVG4_ADC16384;184_ConVacio;BLOQUE_16CFG_184_ConVacio_20260602_130526_CFG016_CONFIG_09_-_B5F_AVG4_ADC16384;configurations;toma con tabla personalizada de configuraciones;CONFIG 09 - B5F_AVG4_ADC16384;176;26.987965;18750;44621;30.41;2257;95;95;4;100;411;16384;50;0;confirmada;2026-06-02T13:16:09.131
BLOQUE_16CFG_184_ConVacio_20260602_130526_CFG016_CONFIG_09_-_B5F_AVG4_ADC16384;184_ConVacio;BLOQUE_16CFG_184_ConVacio_20260602_130526_CFG016_CONFIG_09_-_B5F_AVG4_ADC16384;configurations;toma con tabla personalizada de configuraciones;CONFIG 09 - B5F_AVG4_ADC16384;177;27.068320;18746;44566;30.01;2242;95;95;4;100;411;16384;50;0;confirmada;2026-06-02T13:16:09.131
BLOQUE_16CFG_184_ConVacio_20260602_130526_CFG016_CONFIG_09_-_B5F_AVG4_ADC16384;184_ConVacio;BLOQUE_16CFG_184_ConVacio_20260602_130526_CFG016_CONFIG_09_-_B5F_AVG4_ADC16384;configurations;toma con tabla personalizada de configuraciones;CONFIG 09 - B5F_AVG4_ADC16384;178;27.188688;18742;44538;31.56;2300;95;95;4;100;411;16384;50;0;confirmada;2026-06-02T13:16:09.131
BLOQUE_16CFG_184_ConVacio_20260602_130526_CFG016_CONFIG_09_-_B5F_AVG4_ADC16384;184_ConVacio;BLOQUE_16CFG_184_ConVacio_20260602_130526_CFG016_CONFIG_09_-_B5F_AVG4_ADC16384;configurations;toma con tabla personalizada de configuraciones;CONFIG 09 - B5F_AVG4_ADC16384;179;27.268222;18745;44535;29.83;2235;95;95;4;100;411;16384;50;0;confirmada;2026-06-02T13:16:09.131
BLOQUE_16CFG_184_ConVacio_20260602_130526_CFG016_CONFIG_09_-_B5F_AVG4_ADC16384;184_ConVacio;BLOQUE_16CFG_184_ConVacio_20260602_130526_CFG016_CONFIG_09_-_B5F_AVG4_ADC16384;configurations;toma con tabla personalizada de configuraciones;CONFIG 09 - B5F_AVG4_ADC16384;180;27.389197;18744;44527;29.72;2231;95;95;4;100;411;16384;50;0;confirmada;2026-06-02T13:16:09.131
BLOQUE_16CFG_184_ConVacio_20260602_130526_CFG016_CONFIG_09_-_B5F_AVG4_ADC16384;184_ConVacio;BLOQUE_16CFG_184_ConVacio_20260602_130526_CFG016_CONFIG_09_-_B5F_AVG4_ADC16384;configurations;toma con tabla personalizada de configuraciones;CONFIG 09 - B5F_AVG4_ADC16384;181;27.469198;18744;44507;30.65;2266;95;95;4;100;411;16384;50;0;confirmada;2026-06-02T13:16:09.131
BLOQUE_16CFG_184_ConVacio_20260602_130526_CFG016_CONFIG_09_-_B5F_AVG4_ADC16384;184_ConVacio;BLOQUE_16CFG_184_ConVacio_20260602_130526_CFG016_CONFIG_09_-_B5F_AVG4_ADC16384;configurations;toma con tabla personalizada de configuraciones;CONFIG 09 - B5F_AVG4_ADC16384;182;27.589672;18739;44491;30.86;2274;95;95;4;100;411;16384;50;0;confirmada;2026-06-02T13:16:09.131
BLOQUE_16CFG_184_ConVacio_20260602_130526_CFG016_CONFIG_09_-_B5F_AVG4_ADC16384;184_ConVacio;BLOQUE_16CFG_184_ConVacio_20260602_130526_CFG016_CONFIG_09_-_B5F_AVG4_ADC16384;configurations;toma con tabla personalizada de configuraciones;CONFIG 09 - B5F_AVG4_ADC16384;183;27.670012;18740;44475;29.78;2233;95;95;4;100;411;16384;50;0;confirmada;2026-06-02T13:16:09.131
BLOQUE_16CFG_184_ConVacio_20260602_130526_CFG016_CONFIG_09_-_B5F_AVG4_ADC16384;184_ConVacio;BLOQUE_16CFG_184_ConVacio_20260602_130526_CFG016_CONFIG_09_-_B5F_AVG4_ADC16384;configurations;toma con tabla personalizada de configuraciones;CONFIG 09 - B5F_AVG4_ADC16384;184;27.790302;18738;44429;30.84;2273;95;95;4;100;411;16384;50;0;confirmada;2026-06-02T13:16:09.131
BLOQUE_16CFG_184_ConVacio_20260602_130526_CFG016_CONFIG_09_-_B5F_AVG4_ADC16384;184_ConVacio;BLOQUE_16CFG_184_ConVacio_20260602_130526_CFG016_CONFIG_09_-_B5F_AVG4_ADC16384;configurations;toma con tabla personalizada de configuraciones;CONFIG 09 - B5F_AVG4_ADC16384;185;27.870179;18734;44414;29.75;2232;95;95;4;100;411;16384;50;0;confirmada;2026-06-02T13:16:09.131
BLOQUE_16CFG_184_ConVacio_20260602_130526_CFG016_CONFIG_09_-_B5F_AVG4_ADC16384;184_ConVacio;BLOQUE_16CFG_184_ConVacio_20260602_130526_CFG016_CONFIG_09_-_B5F_AVG4_ADC16384;configurations;toma con tabla personalizada de configuraciones;CONFIG 09 - B5F_AVG4_ADC16384;186;27.990903;18730;44412;29.80;2234;95;95;4;100;411;16384;50;0;confirmada;2026-06-02T13:16:09.131
BLOQUE_16CFG_184_ConVacio_20260602_130526_CFG016_CONFIG_09_-_B5F_AVG4_ADC16384;184_ConVacio;BLOQUE_16CFG_184_ConVacio_20260602_130526_CFG016_CONFIG_09_-_B5F_AVG4_ADC16384;configurations;toma con tabla personalizada de configuraciones;CONFIG 09 - B5F_AVG4_ADC16384;187;28.071178;18732;44409;31.13;2284;95;95;4;100;411;16384;50;0;confirmada;2026-06-02T13:16:09.131
BLOQUE_16CFG_184_ConVacio_20260602_130526_CFG016_CONFIG_09_-_B5F_AVG4_ADC16384;184_ConVacio;BLOQUE_16CFG_184_ConVacio_20260602_130526_CFG016_CONFIG_09_-_B5F_AVG4_ADC16384;configurations;toma con tabla personalizada de configuraciones;CONFIG 09 - B5F_AVG4_ADC16384;188;28.191667;18726;44390;30.28;2252;95;95;4;100;411;16384;50;0;confirmada;2026-06-02T13:16:09.131
BLOQUE_16CFG_184_ConVacio_20260602_130526_CFG016_CONFIG_09_-_B5F_AVG4_ADC16384;184_ConVacio;BLOQUE_16CFG_184_ConVacio_20260602_130526_CFG016_CONFIG_09_-_B5F_AVG4_ADC16384;configurations;toma con tabla personalizada de configuraciones;CONFIG 09 - B5F_AVG4_ADC16384;189;28.271586;18727;44380;30.49;2260;95;95;4;100;411;16384;50;0;confirmada;2026-06-02T13:16:09.131
BLOQUE_16CFG_184_ConVacio_20260602_130526_CFG016_CONFIG_09_-_B5F_AVG4_ADC16384;184_ConVacio;BLOQUE_16CFG_184_ConVacio_20260602_130526_CFG016_CONFIG_09_-_B5F_AVG4_ADC16384;configurations;toma con tabla personalizada de configuraciones;CONFIG 09 - B5F_AVG4_ADC16384;190;28.392215;18722;44373;30.76;2270;95;95;4;100;411;16384;50;0;confirmada;2026-06-02T13:16:09.131
BLOQUE_16CFG_184_ConVacio_20260602_130526_CFG016_CONFIG_09_-_B5F_AVG4_ADC16384;184_ConVacio;BLOQUE_16CFG_184_ConVacio_20260602_130526_CFG016_CONFIG_09_-_B5F_AVG4_ADC16384;configurations;toma con tabla personalizada de configuraciones;CONFIG 09 - B5F_AVG4_ADC16384;191;28.472407;18722;44366;29.70;2230;95;95;4;100;411;16384;50;0;confirmada;2026-06-02T13:16:09.131
BLOQUE_16CFG_184_ConVacio_20260602_130526_CFG016_CONFIG_09_-_B5F_AVG4_ADC16384;184_ConVacio;BLOQUE_16CFG_184_ConVacio_20260602_130526_CFG016_CONFIG_09_-_B5F_AVG4_ADC16384;configurations;toma con tabla personalizada de configuraciones;CONFIG 09 - B5F_AVG4_ADC16384;192;28.592843;18720;44353;31.05;2281;95;95;4;100;411;16384;50;0;confirmada;2026-06-02T13:16:09.131
BLOQUE_16CFG_184_ConVacio_20260602_130526_CFG016_CONFIG_09_-_B5F_AVG4_ADC16384;184_ConVacio;BLOQUE_16CFG_184_ConVacio_20260602_130526_CFG016_CONFIG_09_-_B5F_AVG4_ADC16384;configurations;toma con tabla personalizada de configuraciones;CONFIG 09 - B5F_AVG4_ADC16384;193;28.672938;18714;44342;29.99;2241;95;95;4;100;411;16384;50;0;confirmada;2026-06-02T13:16:09.131
BLOQUE_16CFG_184_ConVacio_20260602_130526_CFG016_CONFIG_09_-_B5F_AVG4_ADC16384;184_ConVacio;BLOQUE_16CFG_184_ConVacio_20260602_130526_CFG016_CONFIG_09_-_B5F_AVG4_ADC16384;configurations;toma con tabla personalizada de configuraciones;CONFIG 09 - B5F_AVG4_ADC16384;194;28.793259;18711;44286;30.38;2256;95;95;4;100;411;16384;50;0;confirmada;2026-06-02T13:16:09.131
BLOQUE_16CFG_184_ConVacio_20260602_130526_CFG016_CONFIG_09_-_B5F_AVG4_ADC16384;184_ConVacio;BLOQUE_16CFG_184_ConVacio_20260602_130526_CFG016_CONFIG_09_-_B5F_AVG4_ADC16384;configurations;toma con tabla personalizada de configuraciones;CONFIG 09 - B5F_AVG4_ADC16384;195;28.873578;18709;44279;30.52;2261;95;95;4;100;411;16384;50;0;confirmada;2026-06-02T13:16:09.131
BLOQUE_16CFG_184_ConVacio_20260602_130526_CFG016_CONFIG_09_-_B5F_AVG4_ADC16384;184_ConVacio;BLOQUE_16CFG_184_ConVacio_20260602_130526_CFG016_CONFIG_09_-_B5F_AVG4_ADC16384;configurations;toma con tabla personalizada de configuraciones;CONFIG 09 - B5F_AVG4_ADC16384;196;28.993969;18706;44285;30.15;2247;95;95;4;100;411;16384;50;0;confirmada;2026-06-02T13:16:09.131
BLOQUE_16CFG_184_ConVacio_20260602_130526_CFG016_CONFIG_09_-_B5F_AVG4_ADC16384;184_ConVacio;BLOQUE_16CFG_184_ConVacio_20260602_130526_CFG016_CONFIG_09_-_B5F_AVG4_ADC16384;configurations;toma con tabla personalizada de configuraciones;CONFIG 09 - B5F_AVG4_ADC16384;197;29.074146;18703;44286;30.04;2243;95;95;4;100;411;16384;50;0;confirmada;2026-06-02T13:16:09.131
BLOQUE_16CFG_184_ConVacio_20260602_130526_CFG016_CONFIG_09_-_B5F_AVG4_ADC16384;184_ConVacio;BLOQUE_16CFG_184_ConVacio_20260602_130526_CFG016_CONFIG_09_-_B5F_AVG4_ADC16384;configurations;toma con tabla personalizada de configuraciones;CONFIG 09 - B5F_AVG4_ADC16384;198;29.194537;18702;44274;30.44;2258;95;95;4;100;411;16384;50;0;confirmada;2026-06-02T13:16:09.131
BLOQUE_16CFG_184_ConVacio_20260602_130526_CFG016_CONFIG_09_-_B5F_AVG4_ADC16384;184_ConVacio;BLOQUE_16CFG_184_ConVacio_20260602_130526_CFG016_CONFIG_09_-_B5F_AVG4_ADC16384;configurations;toma con tabla personalizada de configuraciones;CONFIG 09 - B5F_AVG4_ADC16384;199;29.274396;18699;44270;30.52;2261;95;95;4;100;411;16384;50;0;confirmada;2026-06-02T13:16:09.131
BLOQUE_16CFG_184_ConVacio_20260602_130526_CFG016_CONFIG_09_-_B5F_AVG4_ADC16384;184_ConVacio;BLOQUE_16CFG_184_ConVacio_20260602_130526_CFG016_CONFIG_09_-_B5F_AVG4_ADC16384;configurations;toma con tabla personalizada de configuraciones;CONFIG 09 - B5F_AVG4_ADC16384;200;29.394998;18694;44277;30.81;2272;95;95;4;100;411;16384;50;0;confirmada;2026-06-02T13:16:09.131
BLOQUE_16CFG_184_ConVacio_20260602_130526_CFG016_CONFIG_09_-_B5F_AVG4_ADC16384;184_ConVacio;BLOQUE_16CFG_184_ConVacio_20260602_130526_CFG016_CONFIG_09_-_B5F_AVG4_ADC16384;configurations;toma con tabla personalizada de configuraciones;CONFIG 09 - B5F_AVG4_ADC16384;201;29.474926;18696;44268;30.38;2256;95;95;4;100;411;16384;50;0;confirmada;2026-06-02T13:16:09.131
BLOQUE_16CFG_184_ConVacio_20260602_130526_CFG016_CONFIG_09_-_B5F_AVG4_ADC16384;184_ConVacio;BLOQUE_16CFG_184_ConVacio_20260602_130526_CFG016_CONFIG_09_-_B5F_AVG4_ADC16384;configurations;toma con tabla personalizada de configuraciones;CONFIG 09 - B5F_AVG4_ADC16384;202;29.595656;18693;44244;30.78;2271;95;95;4;100;411;16384;50;0;confirmada;2026-06-02T13:16:09.131
BLOQUE_16CFG_184_ConVacio_20260602_130526_CFG016_CONFIG_09_-_B5F_AVG4_ADC16384;184_ConVacio;BLOQUE_16CFG_184_ConVacio_20260602_130526_CFG016_CONFIG_09_-_B5F_AVG4_ADC16384;configurations;toma con tabla personalizada de configuraciones;CONFIG 09 - B5F_AVG4_ADC16384;203;29.675833;18691;44267;31.02;2280;95;95;4;100;411;16384;50;0;confirmada;2026-06-02T13:16:09.131
BLOQUE_16CFG_184_ConVacio_20260602_130526_CFG016_CONFIG_09_-_B5F_AVG4_ADC16384;184_ConVacio;BLOQUE_16CFG_184_ConVacio_20260602_130526_CFG016_CONFIG_09_-_B5F_AVG4_ADC16384;configurations;toma con tabla personalizada de configuraciones;CONFIG 09 - B5F_AVG4_ADC16384;204;29.796278;18691;44309;31.08;2282;95;95;4;100;411;16384;50;0;confirmada;2026-06-02T13:16:09.131
BLOQUE_16CFG_184_ConVacio_20260602_130526_CFG016_CONFIG_09_-_B5F_AVG4_ADC16384;184_ConVacio;BLOQUE_16CFG_184_ConVacio_20260602_130526_CFG016_CONFIG_09_-_B5F_AVG4_ADC16384;configurations;toma con tabla personalizada de configuraciones;CONFIG 09 - B5F_AVG4_ADC16384;205;29.876367;18694;44330;31.02;2280;95;95;4;100;411;16384;50;0;confirmada;2026-06-02T13:16:09.131
BLOQUE_16CFG_184_ConVacio_20260602_130526_CFG016_CONFIG_09_-_B5F_AVG4_ADC16384;184_ConVacio;BLOQUE_16CFG_184_ConVacio_20260602_130526_CFG016_CONFIG_09_-_B5F_AVG4_ADC16384;configurations;toma con tabla personalizada de configuraciones;CONFIG 09 - B5F_AVG4_ADC16384;206;29.996841;18696;44359;30.89;2275;95;95;4;100;411;16384;50;0;confirmada;2026-06-02T13:16:09.132
BLOQUE_16CFG_184_ConVacio_20260602_130526_CFG016_CONFIG_09_-_B5F_AVG4_ADC16384;184_ConVacio;BLOQUE_16CFG_184_ConVacio_20260602_130526_CFG016_CONFIG_09_-_B5F_AVG4_ADC16384;configurations;toma con tabla personalizada de configuraciones;CONFIG 09 - B5F_AVG4_ADC16384;207;30.077028;18697;44391;30.84;2273;95;95;4;100;411;16384;50;0;confirmada;2026-06-02T13:16:09.132
BLOQUE_16CFG_184_ConVacio_20260602_130526_CFG016_CONFIG_09_-_B5F_AVG4_ADC16384;184_ConVacio;BLOQUE_16CFG_184_ConVacio_20260602_130526_CFG016_CONFIG_09_-_B5F_AVG4_ADC16384;configurations;toma con tabla personalizada de configuraciones;CONFIG 09 - B5F_AVG4_ADC16384;208;30.197335;18700;44442;30.78;2271;95;95;4;100;411;16384;50;0;confirmada;2026-06-02T13:16:09.132
BLOQUE_16CFG_184_ConVacio_20260602_130526_CFG016_CONFIG_09_-_B5F_AVG4_ADC16384;184_ConVacio;BLOQUE_16CFG_184_ConVacio_20260602_130526_CFG016_CONFIG_09_-_B5F_AVG4_ADC16384;configurations;toma con tabla personalizada de configuraciones;CONFIG 09 - B5F_AVG4_ADC16384;209;30.277662;18696;44471;30.94;2277;95;95;4;100;411;16384;50;0;confirmada;2026-06-02T13:16:09.132
BLOQUE_16CFG_184_ConVacio_20260602_130526_CFG016_CONFIG_09_-_B5F_AVG4_ADC16384;184_ConVacio;BLOQUE_16CFG_184_ConVacio_20260602_130526_CFG016_CONFIG_09_-_B5F_AVG4_ADC16384;configurations;toma con tabla personalizada de configuraciones;CONFIG 09 - B5F_AVG4_ADC16384;210;30.398007;18697;44484;30.94;2277;95;95;4;100;411;16384;50;0;confirmada;2026-06-02T13:16:09.132
BLOQUE_16CFG_184_ConVacio_20260602_130526_CFG016_CONFIG_09_-_B5F_AVG4_ADC16384;184_ConVacio;BLOQUE_16CFG_184_ConVacio_20260602_130526_CFG016_CONFIG_09_-_B5F_AVG4_ADC16384;configurations;toma con tabla personalizada de configuraciones;CONFIG 09 - B5F_AVG4_ADC16384;211;30.477840;18700;44515;30.52;2261;95;95;4;100;411;16384;50;0;confirmada;2026-06-02T13:16:09.132
BLOQUE_16CFG_184_ConVacio_20260602_130526_CFG016_CONFIG_09_-_B5F_AVG4_ADC16384;184_ConVacio;BLOQUE_16CFG_184_ConVacio_20260602_130526_CFG016_CONFIG_09_-_B5F_AVG4_ADC16384;configurations;toma con tabla personalizada de configuraciones;CONFIG 09 - B5F_AVG4_ADC16384;212;30.598558;18699;44589;30.81;2272;95;95;4;100;411;16384;50;0;confirmada;2026-06-02T13:16:09.132
BLOQUE_16CFG_184_ConVacio_20260602_130526_CFG016_CONFIG_09_-_B5F_AVG4_ADC16384;184_ConVacio;BLOQUE_16CFG_184_ConVacio_20260602_130526_CFG016_CONFIG_09_-_B5F_AVG4_ADC16384;configurations;toma con tabla personalizada de configuraciones;CONFIG 09 - B5F_AVG4_ADC16384;213;30.678797;18703;44629;30.89;2275;95;95;4;100;411;16384;50;0;confirmada;2026-06-02T13:16:09.132
BLOQUE_16CFG_184_ConVacio_20260602_130526_CFG016_CONFIG_09_-_B5F_AVG4_ADC16384;184_ConVacio;BLOQUE_16CFG_184_ConVacio_20260602_130526_CFG016_CONFIG_09_-_B5F_AVG4_ADC16384;configurations;toma con tabla personalizada de configuraciones;CONFIG 09 - B5F_AVG4_ADC16384;214;30.799023;18704;44682;30.73;2269;95;95;4;100;411;16384;50;0;confirmada;2026-06-02T13:16:09.132
BLOQUE_16CFG_184_ConVacio_20260602_130526_CFG016_CONFIG_09_-_B5F_AVG4_ADC16384;184_ConVacio;BLOQUE_16CFG_184_ConVacio_20260602_130526_CFG016_CONFIG_09_-_B5F_AVG4_ADC16384;configurations;toma con tabla personalizada de configuraciones;CONFIG 09 - B5F_AVG4_ADC16384;215;30.879273;18708;44722;30.01;2242;95;95;4;100;411;16384;50;0;confirmada;2026-06-02T13:16:09.132
BLOQUE_16CFG_184_ConVacio_20260602_130526_CFG016_CONFIG_09_-_B5F_AVG4_ADC16384;184_ConVacio;BLOQUE_16CFG_184_ConVacio_20260602_130526_CFG016_CONFIG_09_-_B5F_AVG4_ADC16384;configurations;toma con tabla personalizada de configuraciones;CONFIG 09 - B5F_AVG4_ADC16384;216;30.999722;18710;44787;30.70;2268;95;95;4;100;411;16384;50;0;confirmada;2026-06-02T13:16:09.132
BLOQUE_16CFG_184_ConVacio_20260602_130526_CFG016_CONFIG_09_-_B5F_AVG4_ADC16384;184_ConVacio;BLOQUE_16CFG_184_ConVacio_20260602_130526_CFG016_CONFIG_09_-_B5F_AVG4_ADC16384;configurations;toma con tabla personalizada de configuraciones;CONFIG 09 - B5F_AVG4_ADC16384;217;31.079871;18714;44785;30.81;2272;95;95;4;100;411;16384;50;0;confirmada;2026-06-02T13:16:09.132
BLOQUE_16CFG_184_ConVacio_20260602_130526_CFG016_CONFIG_09_-_B5F_AVG4_ADC16384;184_ConVacio;BLOQUE_16CFG_184_ConVacio_20260602_130526_CFG016_CONFIG_09_-_B5F_AVG4_ADC16384;configurations;toma con tabla personalizada de configuraciones;CONFIG 09 - B5F_AVG4_ADC16384;218;31.200260;18723;44838;30.57;2263;95;95;4;100;411;16384;50;0;confirmada;2026-06-02T13:16:09.132
BLOQUE_16CFG_184_ConVacio_20260602_130526_CFG016_CONFIG_09_-_B5F_AVG4_ADC16384;184_ConVacio;BLOQUE_16CFG_184_ConVacio_20260602_130526_CFG016_CONFIG_09_-_B5F_AVG4_ADC16384;configurations;toma con tabla personalizada de configuraciones;CONFIG 09 - B5F_AVG4_ADC16384;219;31.280459;18730;44890;29.72;2231;95;95;4;100;411;16384;50;0;confirmada;2026-06-02T13:16:09.132
BLOQUE_16CFG_184_ConVacio_20260602_130526_CFG016_CONFIG_09_-_B5F_AVG4_ADC16384;184_ConVacio;BLOQUE_16CFG_184_ConVacio_20260602_130526_CFG016_CONFIG_09_-_B5F_AVG4_ADC16384;configurations;toma con tabla personalizada de configuraciones;CONFIG 09 - B5F_AVG4_ADC16384;220;31.400789;18744;44952;30.60;2264;95;95;4;100;411;16384;50;0;confirmada;2026-06-02T13:16:09.132
BLOQUE_16CFG_184_ConVacio_20260602_130526_CFG016_CONFIG_09_-_B5F_AVG4_ADC16384;184_ConVacio;BLOQUE_16CFG_184_ConVacio_20260602_130526_CFG016_CONFIG_09_-_B5F_AVG4_ADC16384;configurations;toma con tabla personalizada de configuraciones;CONFIG 09 - B5F_AVG4_ADC16384;221;31.480573;18751;44972;29.38;2218;95;95;4;100;411;16384;50;0;confirmada;2026-06-02T13:16:09.132
BLOQUE_16CFG_184_ConVacio_20260602_130526_CFG016_CONFIG_09_-_B5F_AVG4_ADC16384;184_ConVacio;BLOQUE_16CFG_184_ConVacio_20260602_130526_CFG016_CONFIG_09_-_B5F_AVG4_ADC16384;configurations;toma con tabla personalizada de configuraciones;CONFIG 09 - B5F_AVG4_ADC16384;222;31.601397;18764;45024;29.70;2230;95;95;4;100;411;16384;50;0;confirmada;2026-06-02T13:16:09.132
BLOQUE_16CFG_184_ConVacio_20260602_130526_CFG016_CONFIG_09_-_B5F_AVG4_ADC16384;184_ConVacio;BLOQUE_16CFG_184_ConVacio_20260602_130526_CFG016_CONFIG_09_-_B5F_AVG4_ADC16384;configurations;toma con tabla personalizada de configuraciones;CONFIG 09 - B5F_AVG4_ADC16384;223;31.681397;18770;45051;30.52;2261;95;95;4;100;411;16384;50;0;confirmada;2026-06-02T13:16:09.132
BLOQUE_16CFG_184_ConVacio_20260602_130526_CFG016_CONFIG_09_-_B5F_AVG4_ADC16384;184_ConVacio;BLOQUE_16CFG_184_ConVacio_20260602_130526_CFG016_CONFIG_09_-_B5F_AVG4_ADC16384;configurations;toma con tabla personalizada de configuraciones;CONFIG 09 - B5F_AVG4_ADC16384;224;31.802081;18784;45095;30.46;2259;95;95;4;100;411;16384;50;0;confirmada;2026-06-02T13:16:09.132
BLOQUE_16CFG_184_ConVacio_20260602_130526_CFG016_CONFIG_09_-_B5F_AVG4_ADC16384;184_ConVacio;BLOQUE_16CFG_184_ConVacio_20260602_130526_CFG016_CONFIG_09_-_B5F_AVG4_ADC16384;configurations;toma con tabla personalizada de configuraciones;CONFIG 09 - B5F_AVG4_ADC16384;225;31.882667;18788;45070;29.59;2226;95;95;4;100;411;16384;50;0;confirmada;2026-06-02T13:16:09.132
BLOQUE_16CFG_184_ConVacio_20260602_130526_CFG016_CONFIG_09_-_B5F_AVG4_ADC16384;184_ConVacio;BLOQUE_16CFG_184_ConVacio_20260602_130526_CFG016_CONFIG_09_-_B5F_AVG4_ADC16384;configurations;toma con tabla personalizada de configuraciones;CONFIG 09 - B5F_AVG4_ADC16384;226;32.002469;18799;45104;30.70;2268;95;95;4;100;411;16384;50;0;confirmada;2026-06-02T13:16:09.132
BLOQUE_16CFG_184_ConVacio_20260602_130526_CFG016_CONFIG_09_-_B5F_AVG4_ADC16384;184_ConVacio;BLOQUE_16CFG_184_ConVacio_20260602_130526_CFG016_CONFIG_09_-_B5F_AVG4_ADC16384;configurations;toma con tabla personalizada de configuraciones;CONFIG 09 - B5F_AVG4_ADC16384;227;32.083110;18807;45136;30.01;2242;95;95;4;100;411;16384;50;0;confirmada;2026-06-02T13:16:09.132
BLOQUE_16CFG_184_ConVacio_20260602_130526_CFG016_CONFIG_09_-_B5F_AVG4_ADC16384;184_ConVacio;BLOQUE_16CFG_184_ConVacio_20260602_130526_CFG016_CONFIG_09_-_B5F_AVG4_ADC16384;configurations;toma con tabla personalizada de configuraciones;CONFIG 09 - B5F_AVG4_ADC16384;228;32.203025;18816;45171;29.83;2235;95;95;4;100;411;16384;50;0;confirmada;2026-06-02T13:16:09.132
BLOQUE_16CFG_184_ConVacio_20260602_130526_CFG016_CONFIG_09_-_B5F_AVG4_ADC16384;184_ConVacio;BLOQUE_16CFG_184_ConVacio_20260602_130526_CFG016_CONFIG_09_-_B5F_AVG4_ADC16384;configurations;toma con tabla personalizada de configuraciones;CONFIG 09 - B5F_AVG4_ADC16384;229;32.283297;18820;45187;30.76;2270;95;95;4;100;411;16384;50;0;confirmada;2026-06-02T13:16:09.132
BLOQUE_16CFG_184_ConVacio_20260602_130526_CFG016_CONFIG_09_-_B5F_AVG4_ADC16384;184_ConVacio;BLOQUE_16CFG_184_ConVacio_20260602_130526_CFG016_CONFIG_09_-_B5F_AVG4_ADC16384;configurations;toma con tabla personalizada de configuraciones;CONFIG 09 - B5F_AVG4_ADC16384;230;32.403631;18830;45203;30.09;2245;95;95;4;100;411;16384;50;0;confirmada;2026-06-02T13:16:09.132
BLOQUE_16CFG_184_ConVacio_20260602_130526_CFG016_CONFIG_09_-_B5F_AVG4_ADC16384;184_ConVacio;BLOQUE_16CFG_184_ConVacio_20260602_130526_CFG016_CONFIG_09_-_B5F_AVG4_ADC16384;configurations;toma con tabla personalizada de configuraciones;CONFIG 09 - B5F_AVG4_ADC16384;231;32.484091;18830;45218;30.57;2263;95;95;4;100;411;16384;50;0;confirmada;2026-06-02T13:16:09.132
BLOQUE_16CFG_184_ConVacio_20260602_130526_CFG016_CONFIG_09_-_B5F_AVG4_ADC16384;184_ConVacio;BLOQUE_16CFG_184_ConVacio_20260602_130526_CFG016_CONFIG_09_-_B5F_AVG4_ADC16384;configurations;toma con tabla personalizada de configuraciones;CONFIG 09 - B5F_AVG4_ADC16384;232;32.604326;18838;45204;29.65;2228;95;95;4;100;411;16384;50;0;confirmada;2026-06-02T13:16:09.132
BLOQUE_16CFG_184_ConVacio_20260602_130526_CFG016_CONFIG_09_-_B5F_AVG4_ADC16384;184_ConVacio;BLOQUE_16CFG_184_ConVacio_20260602_130526_CFG016_CONFIG_09_-_B5F_AVG4_ADC16384;configurations;toma con tabla personalizada de configuraciones;CONFIG 09 - B5F_AVG4_ADC16384;233;32.684831;18838;45190;30.49;2260;95;95;4;100;411;16384;50;0;confirmada;2026-06-02T13:16:09.132
BLOQUE_16CFG_184_ConVacio_20260602_130526_CFG016_CONFIG_09_-_B5F_AVG4_ADC16384;184_ConVacio;BLOQUE_16CFG_184_ConVacio_20260602_130526_CFG016_CONFIG_09_-_B5F_AVG4_ADC16384;configurations;toma con tabla personalizada de configuraciones;CONFIG 09 - B5F_AVG4_ADC16384;234;32.804886;18839;45197;30.65;2266;95;95;4;100;411;16384;50;0;confirmada;2026-06-02T13:16:09.132
BLOQUE_16CFG_184_ConVacio_20260602_130526_CFG016_CONFIG_09_-_B5F_AVG4_ADC16384;184_ConVacio;BLOQUE_16CFG_184_ConVacio_20260602_130526_CFG016_CONFIG_09_-_B5F_AVG4_ADC16384;configurations;toma con tabla personalizada de configuraciones;CONFIG 09 - B5F_AVG4_ADC16384;235;32.884943;18841;45214;30.49;2260;95;95;4;100;411;16384;50;0;confirmada;2026-06-02T13:16:09.132
BLOQUE_16CFG_184_ConVacio_20260602_130526_CFG016_CONFIG_09_-_B5F_AVG4_ADC16384;184_ConVacio;BLOQUE_16CFG_184_ConVacio_20260602_130526_CFG016_CONFIG_09_-_B5F_AVG4_ADC16384;configurations;toma con tabla personalizada de configuraciones;CONFIG 09 - B5F_AVG4_ADC16384;236;33.005335;18843;45203;30.68;2267;95;95;4;100;411;16384;50;0;confirmada;2026-06-02T13:16:09.132
BLOQUE_16CFG_184_ConVacio_20260602_130526_CFG016_CONFIG_09_-_B5F_AVG4_ADC16384;184_ConVacio;BLOQUE_16CFG_184_ConVacio_20260602_130526_CFG016_CONFIG_09_-_B5F_AVG4_ADC16384;configurations;toma con tabla personalizada de configuraciones;CONFIG 09 - B5F_AVG4_ADC16384;237;33.085080;18840;45199;31.05;2281;95;95;4;100;411;16384;50;0;confirmada;2026-06-02T13:16:09.132
BLOQUE_16CFG_184_ConVacio_20260602_130526_CFG016_CONFIG_09_-_B5F_AVG4_ADC16384;184_ConVacio;BLOQUE_16CFG_184_ConVacio_20260602_130526_CFG016_CONFIG_09_-_B5F_AVG4_ADC16384;configurations;toma con tabla personalizada de configuraciones;CONFIG 09 - B5F_AVG4_ADC16384;238;33.205992;18840;45189;30.81;2272;95;95;4;100;411;16384;50;0;confirmada;2026-06-02T13:16:09.132
BLOQUE_16CFG_184_ConVacio_20260602_130526_CFG016_CONFIG_09_-_B5F_AVG4_ADC16384;184_ConVacio;BLOQUE_16CFG_184_ConVacio_20260602_130526_CFG016_CONFIG_09_-_B5F_AVG4_ADC16384;configurations;toma con tabla personalizada de configuraciones;CONFIG 09 - B5F_AVG4_ADC16384;239;33.286149;18839;45177;30.86;2274;95;95;4;100;411;16384;50;0;confirmada;2026-06-02T13:16:09.132
BLOQUE_16CFG_184_ConVacio_20260602_130526_CFG016_CONFIG_09_-_B5F_AVG4_ADC16384;184_ConVacio;BLOQUE_16CFG_184_ConVacio_20260602_130526_CFG016_CONFIG_09_-_B5F_AVG4_ADC16384;configurations;toma con tabla personalizada de configuraciones;CONFIG 09 - B5F_AVG4_ADC16384;240;33.406631;18839;45168;30.33;2254;95;95;4;100;411;16384;50;0;confirmada;2026-06-02T13:16:09.132
BLOQUE_16CFG_184_ConVacio_20260602_130526_CFG016_CONFIG_09_-_B5F_AVG4_ADC16384;184_ConVacio;BLOQUE_16CFG_184_ConVacio_20260602_130526_CFG016_CONFIG_09_-_B5F_AVG4_ADC16384;configurations;toma con tabla personalizada de configuraciones;CONFIG 09 - B5F_AVG4_ADC16384;241;33.486402;18830;45154;30.84;2273;95;95;4;100;411;16384;50;0;confirmada;2026-06-02T13:16:09.132
BLOQUE_16CFG_184_ConVacio_20260602_130526_CFG016_CONFIG_09_-_B5F_AVG4_ADC16384;184_ConVacio;BLOQUE_16CFG_184_ConVacio_20260602_130526_CFG016_CONFIG_09_-_B5F_AVG4_ADC16384;configurations;toma con tabla personalizada de configuraciones;CONFIG 09 - B5F_AVG4_ADC16384;242;33.607061;18827;45135;30.46;2259;95;95;4;100;411;16384;50;0;confirmada;2026-06-02T13:16:09.132
BLOQUE_16CFG_184_ConVacio_20260602_130526_CFG016_CONFIG_09_-_B5F_AVG4_ADC16384;184_ConVacio;BLOQUE_16CFG_184_ConVacio_20260602_130526_CFG016_CONFIG_09_-_B5F_AVG4_ADC16384;configurations;toma con tabla personalizada de configuraciones;CONFIG 09 - B5F_AVG4_ADC16384;243;33.686869;18826;45078;29.75;2232;95;95;4;100;411;16384;50;0;confirmada;2026-06-02T13:16:09.132
BLOQUE_16CFG_184_ConVacio_20260602_130526_CFG016_CONFIG_09_-_B5F_AVG4_ADC16384;184_ConVacio;BLOQUE_16CFG_184_ConVacio_20260602_130526_CFG016_CONFIG_09_-_B5F_AVG4_ADC16384;configurations;toma con tabla personalizada de configuraciones;CONFIG 09 - B5F_AVG4_ADC16384;244;33.807609;18820;45050;31.18;2286;95;95;4;100;411;16384;50;0;confirmada;2026-06-02T13:16:09.132
BLOQUE_16CFG_184_ConVacio_20260602_130526_CFG016_CONFIG_09_-_B5F_AVG4_ADC16384;184_ConVacio;BLOQUE_16CFG_184_ConVacio_20260602_130526_CFG016_CONFIG_09_-_B5F_AVG4_ADC16384;configurations;toma con tabla personalizada de configuraciones;CONFIG 09 - B5F_AVG4_ADC16384;245;33.887545;18816;45051;29.78;2233;95;95;4;100;411;16384;50;0;confirmada;2026-06-02T13:16:09.132
BLOQUE_16CFG_184_ConVacio_20260602_130526_CFG016_CONFIG_09_-_B5F_AVG4_ADC16384;184_ConVacio;BLOQUE_16CFG_184_ConVacio_20260602_130526_CFG016_CONFIG_09_-_B5F_AVG4_ADC16384;configurations;toma con tabla personalizada de configuraciones;CONFIG 09 - B5F_AVG4_ADC16384;246;34.008298;18811;45038;30.81;2272;95;95;4;100;411;16384;50;0;confirmada;2026-06-02T13:16:09.132
BLOQUE_16CFG_184_ConVacio_20260602_130526_CFG016_CONFIG_09_-_B5F_AVG4_ADC16384;184_ConVacio;BLOQUE_16CFG_184_ConVacio_20260602_130526_CFG016_CONFIG_09_-_B5F_AVG4_ADC16384;configurations;toma con tabla personalizada de configuraciones;CONFIG 09 - B5F_AVG4_ADC16384;247;34.088607;18807;45020;30.46;2259;95;95;4;100;411;16384;50;0;confirmada;2026-06-02T13:16:09.132
BLOQUE_16CFG_184_ConVacio_20260602_130526_CFG016_CONFIG_09_-_B5F_AVG4_ADC16384;184_ConVacio;BLOQUE_16CFG_184_ConVacio_20260602_130526_CFG016_CONFIG_09_-_B5F_AVG4_ADC16384;configurations;toma con tabla personalizada de configuraciones;CONFIG 09 - B5F_AVG4_ADC16384;248;34.208956;18805;44996;30.33;2254;95;95;4;100;411;16384;50;0;confirmada;2026-06-02T13:16:09.132
BLOQUE_16CFG_184_ConVacio_20260602_130526_CFG016_CONFIG_09_-_B5F_AVG4_ADC16384;184_ConVacio;BLOQUE_16CFG_184_ConVacio_20260602_130526_CFG016_CONFIG_09_-_B5F_AVG4_ADC16384;configurations;toma con tabla personalizada de configuraciones;CONFIG 09 - B5F_AVG4_ADC16384;249;34.288705;18800;44984;30.04;2243;95;95;4;100;411;16384;50;0;confirmada;2026-06-02T13:16:09.132
BLOQUE_16CFG_184_ConVacio_20260602_130526_CFG016_CONFIG_09_-_B5F_AVG4_ADC16384;184_ConVacio;BLOQUE_16CFG_184_ConVacio_20260602_130526_CFG016_CONFIG_09_-_B5F_AVG4_ADC16384;configurations;toma con tabla personalizada de configuraciones;CONFIG 09 - B5F_AVG4_ADC16384;250;34.409347;18793;44929;29.33;2216;95;95;4;100;411;16384;50;0;confirmada;2026-06-02T13:16:09.132
