session_id;id;base_name;modo;condiciones_medida;config_label;sample_index;tiempo_s;red_raw;ir_raw;temp_c;temp_raw;cfg_red;cfg_ir;cfg_avg;cfg_rate;cfg_width;cfg_adc;cfg_skip;cfg_debug;pulso_previo;pulso_final_pulsio;pulso_final_fonendo;cfg_confirmacion;system_time
BLOQUE_4CFG_7332_20260608_135546_CFG002_CONFIG_03_-_B5F_AVG1_ADC16384;7332;BLOQUE_4CFG_7332_20260608_135546_CFG002_CONFIG_03_-_B5F_AVG1_ADC16384;configurations;toma con tabla personalizada de configuraciones;CONFIG 03 - B5F_AVG1_ADC16384;1;0.000000;13121;33905;33.15;2359;95;95;4;100;411;16384;50;0;x;00;;confirmada;2026-06-08T13:58:08.921
BLOQUE_4CFG_7332_20260608_135546_CFG002_CONFIG_03_-_B5F_AVG1_ADC16384;7332;BLOQUE_4CFG_7332_20260608_135546_CFG002_CONFIG_03_-_B5F_AVG1_ADC16384;configurations;toma con tabla personalizada de configuraciones;CONFIG 03 - B5F_AVG1_ADC16384;2;0.080276;13153;33876;32.28;2327;95;95;4;100;411;16384;50;0;x;00;;confirmada;2026-06-08T13:58:08.921
BLOQUE_4CFG_7332_20260608_135546_CFG002_CONFIG_03_-_B5F_AVG1_ADC16384;7332;BLOQUE_4CFG_7332_20260608_135546_CFG002_CONFIG_03_-_B5F_AVG1_ADC16384;configurations;toma con tabla personalizada de configuraciones;CONFIG 03 - B5F_AVG1_ADC16384;3;0.200493;13146;33842;33.26;2363;95;95;4;100;411;16384;50;0;x;00;;confirmada;2026-06-08T13:58:08.921
BLOQUE_4CFG_7332_20260608_135546_CFG002_CONFIG_03_-_B5F_AVG1_ADC16384;7332;BLOQUE_4CFG_7332_20260608_135546_CFG002_CONFIG_03_-_B5F_AVG1_ADC16384;configurations;toma con tabla personalizada de configuraciones;CONFIG 03 - B5F_AVG1_ADC16384;4;0.281327;13139;33826;33.37;2367;95;95;4;100;411;16384;50;0;x;00;;confirmada;2026-06-08T13:58:08.921
BLOQUE_4CFG_7332_20260608_135546_CFG002_CONFIG_03_-_B5F_AVG1_ADC16384;7332;BLOQUE_4CFG_7332_20260608_135546_CFG002_CONFIG_03_-_B5F_AVG1_ADC16384;configurations;toma con tabla personalizada de configuraciones;CONFIG 03 - B5F_AVG1_ADC16384;5;0.401077;13149;33868;32.18;2323;95;95;4;100;411;16384;50;0;x;00;;confirmada;2026-06-08T13:58:08.921
BLOQUE_4CFG_7332_20260608_135546_CFG002_CONFIG_03_-_B5F_AVG1_ADC16384;7332;BLOQUE_4CFG_7332_20260608_135546_CFG002_CONFIG_03_-_B5F_AVG1_ADC16384;configurations;toma con tabla personalizada de configuraciones;CONFIG 03 - B5F_AVG1_ADC16384;6;0.481129;13149;33862;33.45;2370;95;95;4;100;411;16384;50;0;x;00;;confirmada;2026-06-08T13:58:08.921
BLOQUE_4CFG_7332_20260608_135546_CFG002_CONFIG_03_-_B5F_AVG1_ADC16384;7332;BLOQUE_4CFG_7332_20260608_135546_CFG002_CONFIG_03_-_B5F_AVG1_ADC16384;configurations;toma con tabla personalizada de configuraciones;CONFIG 03 - B5F_AVG1_ADC16384;7;0.601810;13165;33896;33.43;2369;95;95;4;100;411;16384;50;0;x;00;;confirmada;2026-06-08T13:58:08.921
BLOQUE_4CFG_7332_20260608_135546_CFG002_CONFIG_03_-_B5F_AVG1_ADC16384;7332;BLOQUE_4CFG_7332_20260608_135546_CFG002_CONFIG_03_-_B5F_AVG1_ADC16384;configurations;toma con tabla personalizada de configuraciones;CONFIG 03 - B5F_AVG1_ADC16384;8;0.681789;13170;33902;33.04;2355;95;95;4;100;411;16384;50;0;x;00;;confirmada;2026-06-08T13:58:08.921
BLOQUE_4CFG_7332_20260608_135546_CFG002_CONFIG_03_-_B5F_AVG1_ADC16384;7332;BLOQUE_4CFG_7332_20260608_135546_CFG002_CONFIG_03_-_B5F_AVG1_ADC16384;configurations;toma con tabla personalizada de configuraciones;CONFIG 03 - B5F_AVG1_ADC16384;9;0.802282;13171;33856;33.56;2374;95;95;4;100;411;16384;50;0;x;00;;confirmada;2026-06-08T13:58:08.921
BLOQUE_4CFG_7332_20260608_135546_CFG002_CONFIG_03_-_B5F_AVG1_ADC16384;7332;BLOQUE_4CFG_7332_20260608_135546_CFG002_CONFIG_03_-_B5F_AVG1_ADC16384;configurations;toma con tabla personalizada de configuraciones;CONFIG 03 - B5F_AVG1_ADC16384;10;0.882228;13176;33882;32.88;2349;95;95;4;100;411;16384;50;0;x;00;;confirmada;2026-06-08T13:58:08.921
BLOQUE_4CFG_7332_20260608_135546_CFG002_CONFIG_03_-_B5F_AVG1_ADC16384;7332;BLOQUE_4CFG_7332_20260608_135546_CFG002_CONFIG_03_-_B5F_AVG1_ADC16384;configurations;toma con tabla personalizada de configuraciones;CONFIG 03 - B5F_AVG1_ADC16384;11;1.002811;13169;33867;32.45;2333;95;95;4;100;411;16384;50;0;x;00;;confirmada;2026-06-08T13:58:08.921
BLOQUE_4CFG_7332_20260608_135546_CFG002_CONFIG_03_-_B5F_AVG1_ADC16384;7332;BLOQUE_4CFG_7332_20260608_135546_CFG002_CONFIG_03_-_B5F_AVG1_ADC16384;configurations;toma con tabla personalizada de configuraciones;CONFIG 03 - B5F_AVG1_ADC16384;12;1.083019;13171;33882;33.37;2367;95;95;4;100;411;16384;50;0;x;00;;confirmada;2026-06-08T13:58:08.921
BLOQUE_4CFG_7332_20260608_135546_CFG002_CONFIG_03_-_B5F_AVG1_ADC16384;7332;BLOQUE_4CFG_7332_20260608_135546_CFG002_CONFIG_03_-_B5F_AVG1_ADC16384;configurations;toma con tabla personalizada de configuraciones;CONFIG 03 - B5F_AVG1_ADC16384;13;1.203469;13173;33893;32.34;2329;95;95;4;100;411;16384;50;0;x;00;;confirmada;2026-06-08T13:58:08.921
BLOQUE_4CFG_7332_20260608_135546_CFG002_CONFIG_03_-_B5F_AVG1_ADC16384;7332;BLOQUE_4CFG_7332_20260608_135546_CFG002_CONFIG_03_-_B5F_AVG1_ADC16384;configurations;toma con tabla personalizada de configuraciones;CONFIG 03 - B5F_AVG1_ADC16384;14;1.283689;13177;33872;32.88;2349;95;95;4;100;411;16384;50;0;x;00;;confirmada;2026-06-08T13:58:08.921
BLOQUE_4CFG_7332_20260608_135546_CFG002_CONFIG_03_-_B5F_AVG1_ADC16384;7332;BLOQUE_4CFG_7332_20260608_135546_CFG002_CONFIG_03_-_B5F_AVG1_ADC16384;configurations;toma con tabla personalizada de configuraciones;CONFIG 03 - B5F_AVG1_ADC16384;15;1.403935;13179;33859;33.13;2358;95;95;4;100;411;16384;50;0;x;00;;confirmada;2026-06-08T13:58:08.921
BLOQUE_4CFG_7332_20260608_135546_CFG002_CONFIG_03_-_B5F_AVG1_ADC16384;7332;BLOQUE_4CFG_7332_20260608_135546_CFG002_CONFIG_03_-_B5F_AVG1_ADC16384;configurations;toma con tabla personalizada de configuraciones;CONFIG 03 - B5F_AVG1_ADC16384;16;1.484478;13179;33837;33.07;2356;95;95;4;100;411;16384;50;0;x;00;;confirmada;2026-06-08T13:58:08.921
BLOQUE_4CFG_7332_20260608_135546_CFG002_CONFIG_03_-_B5F_AVG1_ADC16384;7332;BLOQUE_4CFG_7332_20260608_135546_CFG002_CONFIG_03_-_B5F_AVG1_ADC16384;configurations;toma con tabla personalizada de configuraciones;CONFIG 03 - B5F_AVG1_ADC16384;17;1.604607;13177;33862;32.28;2327;95;95;4;100;411;16384;50;0;x;00;;confirmada;2026-06-08T13:58:08.921
BLOQUE_4CFG_7332_20260608_135546_CFG002_CONFIG_03_-_B5F_AVG1_ADC16384;7332;BLOQUE_4CFG_7332_20260608_135546_CFG002_CONFIG_03_-_B5F_AVG1_ADC16384;configurations;toma con tabla personalizada de configuraciones;CONFIG 03 - B5F_AVG1_ADC16384;18;1.684392;13172;33873;33.59;2375;95;95;4;100;411;16384;50;0;x;00;;confirmada;2026-06-08T13:58:08.922
BLOQUE_4CFG_7332_20260608_135546_CFG002_CONFIG_03_-_B5F_AVG1_ADC16384;7332;BLOQUE_4CFG_7332_20260608_135546_CFG002_CONFIG_03_-_B5F_AVG1_ADC16384;configurations;toma con tabla personalizada de configuraciones;CONFIG 03 - B5F_AVG1_ADC16384;19;1.805144;13177;33890;33.37;2367;95;95;4;100;411;16384;50;0;x;00;;confirmada;2026-06-08T13:58:08.922
BLOQUE_4CFG_7332_20260608_135546_CFG002_CONFIG_03_-_B5F_AVG1_ADC16384;7332;BLOQUE_4CFG_7332_20260608_135546_CFG002_CONFIG_03_-_B5F_AVG1_ADC16384;configurations;toma con tabla personalizada de configuraciones;CONFIG 03 - B5F_AVG1_ADC16384;20;1.885412;13182;33910;33.62;2376;95;95;4;100;411;16384;50;0;x;00;;confirmada;2026-06-08T13:58:08.922
BLOQUE_4CFG_7332_20260608_135546_CFG002_CONFIG_03_-_B5F_AVG1_ADC16384;7332;BLOQUE_4CFG_7332_20260608_135546_CFG002_CONFIG_03_-_B5F_AVG1_ADC16384;configurations;toma con tabla personalizada de configuraciones;CONFIG 03 - B5F_AVG1_ADC16384;21;2.005812;13182;33922;32.58;2338;95;95;4;100;411;16384;50;0;x;00;;confirmada;2026-06-08T13:58:08.922
BLOQUE_4CFG_7332_20260608_135546_CFG002_CONFIG_03_-_B5F_AVG1_ADC16384;7332;BLOQUE_4CFG_7332_20260608_135546_CFG002_CONFIG_03_-_B5F_AVG1_ADC16384;configurations;toma con tabla personalizada de configuraciones;CONFIG 03 - B5F_AVG1_ADC16384;22;2.085853;13186;33933;33.40;2368;95;95;4;100;411;16384;50;0;x;00;;confirmada;2026-06-08T13:58:08.922
BLOQUE_4CFG_7332_20260608_135546_CFG002_CONFIG_03_-_B5F_AVG1_ADC16384;7332;BLOQUE_4CFG_7332_20260608_135546_CFG002_CONFIG_03_-_B5F_AVG1_ADC16384;configurations;toma con tabla personalizada de configuraciones;CONFIG 03 - B5F_AVG1_ADC16384;23;2.206269;13182;33928;33.56;2374;95;95;4;100;411;16384;50;0;x;00;;confirmada;2026-06-08T13:58:08.922
BLOQUE_4CFG_7332_20260608_135546_CFG002_CONFIG_03_-_B5F_AVG1_ADC16384;7332;BLOQUE_4CFG_7332_20260608_135546_CFG002_CONFIG_03_-_B5F_AVG1_ADC16384;configurations;toma con tabla personalizada de configuraciones;CONFIG 03 - B5F_AVG1_ADC16384;24;2.286839;13180;33881;33.23;2362;95;95;4;100;411;16384;50;0;x;00;;confirmada;2026-06-08T13:58:08.922
BLOQUE_4CFG_7332_20260608_135546_CFG002_CONFIG_03_-_B5F_AVG1_ADC16384;7332;BLOQUE_4CFG_7332_20260608_135546_CFG002_CONFIG_03_-_B5F_AVG1_ADC16384;configurations;toma con tabla personalizada de configuraciones;CONFIG 03 - B5F_AVG1_ADC16384;25;2.406921;13172;33884;32.34;2329;95;95;4;100;411;16384;50;0;x;00;;confirmada;2026-06-08T13:58:08.922
BLOQUE_4CFG_7332_20260608_135546_CFG002_CONFIG_03_-_B5F_AVG1_ADC16384;7332;BLOQUE_4CFG_7332_20260608_135546_CFG002_CONFIG_03_-_B5F_AVG1_ADC16384;configurations;toma con tabla personalizada de configuraciones;CONFIG 03 - B5F_AVG1_ADC16384;26;2.487182;13166;33887;33.40;2368;95;95;4;100;411;16384;50;0;x;00;;confirmada;2026-06-08T13:58:08.922
BLOQUE_4CFG_7332_20260608_135546_CFG002_CONFIG_03_-_B5F_AVG1_ADC16384;7332;BLOQUE_4CFG_7332_20260608_135546_CFG002_CONFIG_03_-_B5F_AVG1_ADC16384;configurations;toma con tabla personalizada de configuraciones;CONFIG 03 - B5F_AVG1_ADC16384;27;2.607621;13173;33905;33.54;2373;95;95;4;100;411;16384;50;0;x;00;;confirmada;2026-06-08T13:58:08.922
BLOQUE_4CFG_7332_20260608_135546_CFG002_CONFIG_03_-_B5F_AVG1_ADC16384;7332;BLOQUE_4CFG_7332_20260608_135546_CFG002_CONFIG_03_-_B5F_AVG1_ADC16384;configurations;toma con tabla personalizada de configuraciones;CONFIG 03 - B5F_AVG1_ADC16384;28;2.687555;13171;33925;33.67;2378;95;95;4;100;411;16384;50;0;x;00;;confirmada;2026-06-08T13:58:08.922
BLOQUE_4CFG_7332_20260608_135546_CFG002_CONFIG_03_-_B5F_AVG1_ADC16384;7332;BLOQUE_4CFG_7332_20260608_135546_CFG002_CONFIG_03_-_B5F_AVG1_ADC16384;configurations;toma con tabla personalizada de configuraciones;CONFIG 03 - B5F_AVG1_ADC16384;29;2.808137;13176;33926;32.61;2339;95;95;4;100;411;16384;50;0;x;00;;confirmada;2026-06-08T13:58:08.922
BLOQUE_4CFG_7332_20260608_135546_CFG002_CONFIG_03_-_B5F_AVG1_ADC16384;7332;BLOQUE_4CFG_7332_20260608_135546_CFG002_CONFIG_03_-_B5F_AVG1_ADC16384;configurations;toma con tabla personalizada de configuraciones;CONFIG 03 - B5F_AVG1_ADC16384;30;2.887898;13176;33939;33.62;2376;95;95;4;100;411;16384;50;0;x;00;;confirmada;2026-06-08T13:58:08.922
BLOQUE_4CFG_7332_20260608_135546_CFG002_CONFIG_03_-_B5F_AVG1_ADC16384;7332;BLOQUE_4CFG_7332_20260608_135546_CFG002_CONFIG_03_-_B5F_AVG1_ADC16384;configurations;toma con tabla personalizada de configuraciones;CONFIG 03 - B5F_AVG1_ADC16384;31;3.008528;13172;33928;33.51;2372;95;95;4;100;411;16384;50;0;x;00;;confirmada;2026-06-08T13:58:08.922
BLOQUE_4CFG_7332_20260608_135546_CFG002_CONFIG_03_-_B5F_AVG1_ADC16384;7332;BLOQUE_4CFG_7332_20260608_135546_CFG002_CONFIG_03_-_B5F_AVG1_ADC16384;configurations;toma con tabla personalizada de configuraciones;CONFIG 03 - B5F_AVG1_ADC16384;32;3.088276;13171;33923;32.50;2335;95;95;4;100;411;16384;50;0;x;00;;confirmada;2026-06-08T13:58:08.922
BLOQUE_4CFG_7332_20260608_135546_CFG002_CONFIG_03_-_B5F_AVG1_ADC16384;7332;BLOQUE_4CFG_7332_20260608_135546_CFG002_CONFIG_03_-_B5F_AVG1_ADC16384;configurations;toma con tabla personalizada de configuraciones;CONFIG 03 - B5F_AVG1_ADC16384;33;3.209258;13166;33922;33.51;2372;95;95;4;100;411;16384;50;0;x;00;;confirmada;2026-06-08T13:58:08.922
BLOQUE_4CFG_7332_20260608_135546_CFG002_CONFIG_03_-_B5F_AVG1_ADC16384;7332;BLOQUE_4CFG_7332_20260608_135546_CFG002_CONFIG_03_-_B5F_AVG1_ADC16384;configurations;toma con tabla personalizada de configuraciones;CONFIG 03 - B5F_AVG1_ADC16384;34;3.289790;13172;33917;33.70;2379;95;95;4;100;411;16384;50;0;x;00;;confirmada;2026-06-08T13:58:08.922
BLOQUE_4CFG_7332_20260608_135546_CFG002_CONFIG_03_-_B5F_AVG1_ADC16384;7332;BLOQUE_4CFG_7332_20260608_135546_CFG002_CONFIG_03_-_B5F_AVG1_ADC16384;configurations;toma con tabla personalizada de configuraciones;CONFIG 03 - B5F_AVG1_ADC16384;35;3.409736;13168;33936;33.23;2362;95;95;4;100;411;16384;50;0;x;00;;confirmada;2026-06-08T13:58:08.922
BLOQUE_4CFG_7332_20260608_135546_CFG002_CONFIG_03_-_B5F_AVG1_ADC16384;7332;BLOQUE_4CFG_7332_20260608_135546_CFG002_CONFIG_03_-_B5F_AVG1_ADC16384;configurations;toma con tabla personalizada de configuraciones;CONFIG 03 - B5F_AVG1_ADC16384;36;3.489821;13165;33921;33.37;2367;95;95;4;100;411;16384;50;0;x;00;;confirmada;2026-06-08T13:58:08.922
BLOQUE_4CFG_7332_20260608_135546_CFG002_CONFIG_03_-_B5F_AVG1_ADC16384;7332;BLOQUE_4CFG_7332_20260608_135546_CFG002_CONFIG_03_-_B5F_AVG1_ADC16384;configurations;toma con tabla personalizada de configuraciones;CONFIG 03 - B5F_AVG1_ADC16384;37;3.610261;13174;33932;33.59;2375;95;95;4;100;411;16384;50;0;x;00;;confirmada;2026-06-08T13:58:08.922
BLOQUE_4CFG_7332_20260608_135546_CFG002_CONFIG_03_-_B5F_AVG1_ADC16384;7332;BLOQUE_4CFG_7332_20260608_135546_CFG002_CONFIG_03_-_B5F_AVG1_ADC16384;configurations;toma con tabla personalizada de configuraciones;CONFIG 03 - B5F_AVG1_ADC16384;38;3.690793;13170;33929;32.99;2353;95;95;4;100;411;16384;50;0;x;00;;confirmada;2026-06-08T13:58:08.922
BLOQUE_4CFG_7332_20260608_135546_CFG002_CONFIG_03_-_B5F_AVG1_ADC16384;7332;BLOQUE_4CFG_7332_20260608_135546_CFG002_CONFIG_03_-_B5F_AVG1_ADC16384;configurations;toma con tabla personalizada de configuraciones;CONFIG 03 - B5F_AVG1_ADC16384;39;3.810975;13166;33894;33.40;2368;95;95;4;100;411;16384;50;0;x;00;;confirmada;2026-06-08T13:58:08.922
BLOQUE_4CFG_7332_20260608_135546_CFG002_CONFIG_03_-_B5F_AVG1_ADC16384;7332;BLOQUE_4CFG_7332_20260608_135546_CFG002_CONFIG_03_-_B5F_AVG1_ADC16384;configurations;toma con tabla personalizada de configuraciones;CONFIG 03 - B5F_AVG1_ADC16384;40;3.891101;13168;33925;33.21;2361;95;95;4;100;411;16384;50;0;x;00;;confirmada;2026-06-08T13:58:08.922
BLOQUE_4CFG_7332_20260608_135546_CFG002_CONFIG_03_-_B5F_AVG1_ADC16384;7332;BLOQUE_4CFG_7332_20260608_135546_CFG002_CONFIG_03_-_B5F_AVG1_ADC16384;configurations;toma con tabla personalizada de configuraciones;CONFIG 03 - B5F_AVG1_ADC16384;41;4.011381;13171;33933;33.34;2366;95;95;4;100;411;16384;50;0;x;00;;confirmada;2026-06-08T13:58:08.922
BLOQUE_4CFG_7332_20260608_135546_CFG002_CONFIG_03_-_B5F_AVG1_ADC16384;7332;BLOQUE_4CFG_7332_20260608_135546_CFG002_CONFIG_03_-_B5F_AVG1_ADC16384;configurations;toma con tabla personalizada de configuraciones;CONFIG 03 - B5F_AVG1_ADC16384;42;4.091074;13171;33951;32.50;2335;95;95;4;100;411;16384;50;0;x;00;;confirmada;2026-06-08T13:58:08.922
BLOQUE_4CFG_7332_20260608_135546_CFG002_CONFIG_03_-_B5F_AVG1_ADC16384;7332;BLOQUE_4CFG_7332_20260608_135546_CFG002_CONFIG_03_-_B5F_AVG1_ADC16384;configurations;toma con tabla personalizada de configuraciones;CONFIG 03 - B5F_AVG1_ADC16384;43;4.211982;13166;33957;33.54;2373;95;95;4;100;411;16384;50;0;x;00;;confirmada;2026-06-08T13:58:08.922
BLOQUE_4CFG_7332_20260608_135546_CFG002_CONFIG_03_-_B5F_AVG1_ADC16384;7332;BLOQUE_4CFG_7332_20260608_135546_CFG002_CONFIG_03_-_B5F_AVG1_ADC16384;configurations;toma con tabla personalizada de configuraciones;CONFIG 03 - B5F_AVG1_ADC16384;44;4.292743;13167;33951;33.21;2361;95;95;4;100;411;16384;50;0;x;00;;confirmada;2026-06-08T13:58:08.922
BLOQUE_4CFG_7332_20260608_135546_CFG002_CONFIG_03_-_B5F_AVG1_ADC16384;7332;BLOQUE_4CFG_7332_20260608_135546_CFG002_CONFIG_03_-_B5F_AVG1_ADC16384;configurations;toma con tabla personalizada de configuraciones;CONFIG 03 - B5F_AVG1_ADC16384;45;4.412629;13165;33960;33.48;2371;95;95;4;100;411;16384;50;0;x;00;;confirmada;2026-06-08T13:58:08.922
BLOQUE_4CFG_7332_20260608_135546_CFG002_CONFIG_03_-_B5F_AVG1_ADC16384;7332;BLOQUE_4CFG_7332_20260608_135546_CFG002_CONFIG_03_-_B5F_AVG1_ADC16384;configurations;toma con tabla personalizada de configuraciones;CONFIG 03 - B5F_AVG1_ADC16384;46;4.493088;13162;33924;33.54;2373;95;95;4;100;411;16384;50;0;x;00;;confirmada;2026-06-08T13:58:08.922
BLOQUE_4CFG_7332_20260608_135546_CFG002_CONFIG_03_-_B5F_AVG1_ADC16384;7332;BLOQUE_4CFG_7332_20260608_135546_CFG002_CONFIG_03_-_B5F_AVG1_ADC16384;configurations;toma con tabla personalizada de configuraciones;CONFIG 03 - B5F_AVG1_ADC16384;47;4.613133;13162;33924;33.48;2371;95;95;4;100;411;16384;50;0;x;00;;confirmada;2026-06-08T13:58:08.922
BLOQUE_4CFG_7332_20260608_135546_CFG002_CONFIG_03_-_B5F_AVG1_ADC16384;7332;BLOQUE_4CFG_7332_20260608_135546_CFG002_CONFIG_03_-_B5F_AVG1_ADC16384;configurations;toma con tabla personalizada de configuraciones;CONFIG 03 - B5F_AVG1_ADC16384;48;4.693055;13158;33941;33.48;2371;95;95;4;100;411;16384;50;0;x;00;;confirmada;2026-06-08T13:58:08.922
BLOQUE_4CFG_7332_20260608_135546_CFG002_CONFIG_03_-_B5F_AVG1_ADC16384;7332;BLOQUE_4CFG_7332_20260608_135546_CFG002_CONFIG_03_-_B5F_AVG1_ADC16384;configurations;toma con tabla personalizada de configuraciones;CONFIG 03 - B5F_AVG1_ADC16384;49;4.813653;13154;33933;33.43;2369;95;95;4;100;411;16384;50;0;x;00;;confirmada;2026-06-08T13:58:08.922
BLOQUE_4CFG_7332_20260608_135546_CFG002_CONFIG_03_-_B5F_AVG1_ADC16384;7332;BLOQUE_4CFG_7332_20260608_135546_CFG002_CONFIG_03_-_B5F_AVG1_ADC16384;configurations;toma con tabla personalizada de configuraciones;CONFIG 03 - B5F_AVG1_ADC16384;50;4.894472;13158;33945;33.43;2369;95;95;4;100;411;16384;50;0;x;00;;confirmada;2026-06-08T13:58:08.922
BLOQUE_4CFG_7332_20260608_135546_CFG002_CONFIG_03_-_B5F_AVG1_ADC16384;7332;BLOQUE_4CFG_7332_20260608_135546_CFG002_CONFIG_03_-_B5F_AVG1_ADC16384;configurations;toma con tabla personalizada de configuraciones;CONFIG 03 - B5F_AVG1_ADC16384;51;5.014231;13148;33929;33.10;2357;95;95;4;100;411;16384;50;0;x;00;;confirmada;2026-06-08T13:58:08.922
BLOQUE_4CFG_7332_20260608_135546_CFG002_CONFIG_03_-_B5F_AVG1_ADC16384;7332;BLOQUE_4CFG_7332_20260608_135546_CFG002_CONFIG_03_-_B5F_AVG1_ADC16384;configurations;toma con tabla personalizada de configuraciones;CONFIG 03 - B5F_AVG1_ADC16384;52;5.094596;13153;33957;33.26;2363;95;95;4;100;411;16384;50;0;x;00;;confirmada;2026-06-08T13:58:08.922
BLOQUE_4CFG_7332_20260608_135546_CFG002_CONFIG_03_-_B5F_AVG1_ADC16384;7332;BLOQUE_4CFG_7332_20260608_135546_CFG002_CONFIG_03_-_B5F_AVG1_ADC16384;configurations;toma con tabla personalizada de configuraciones;CONFIG 03 - B5F_AVG1_ADC16384;53;5.214788;13158;33979;32.50;2335;95;95;4;100;411;16384;50;0;x;00;;confirmada;2026-06-08T13:58:08.922
BLOQUE_4CFG_7332_20260608_135546_CFG002_CONFIG_03_-_B5F_AVG1_ADC16384;7332;BLOQUE_4CFG_7332_20260608_135546_CFG002_CONFIG_03_-_B5F_AVG1_ADC16384;configurations;toma con tabla personalizada de configuraciones;CONFIG 03 - B5F_AVG1_ADC16384;54;5.294596;13169;33981;33.15;2359;95;95;4;100;411;16384;50;0;x;00;;confirmada;2026-06-08T13:58:08.922
BLOQUE_4CFG_7332_20260608_135546_CFG002_CONFIG_03_-_B5F_AVG1_ADC16384;7332;BLOQUE_4CFG_7332_20260608_135546_CFG002_CONFIG_03_-_B5F_AVG1_ADC16384;configurations;toma con tabla personalizada de configuraciones;CONFIG 03 - B5F_AVG1_ADC16384;55;5.415426;13167;33983;33.18;2360;95;95;4;100;411;16384;50;0;x;00;;confirmada;2026-06-08T13:58:08.922
BLOQUE_4CFG_7332_20260608_135546_CFG002_CONFIG_03_-_B5F_AVG1_ADC16384;7332;BLOQUE_4CFG_7332_20260608_135546_CFG002_CONFIG_03_-_B5F_AVG1_ADC16384;configurations;toma con tabla personalizada de configuraciones;CONFIG 03 - B5F_AVG1_ADC16384;56;5.495731;13162;33946;33.78;2382;95;95;4;100;411;16384;50;0;x;00;;confirmada;2026-06-08T13:58:08.922
BLOQUE_4CFG_7332_20260608_135546_CFG002_CONFIG_03_-_B5F_AVG1_ADC16384;7332;BLOQUE_4CFG_7332_20260608_135546_CFG002_CONFIG_03_-_B5F_AVG1_ADC16384;configurations;toma con tabla personalizada de configuraciones;CONFIG 03 - B5F_AVG1_ADC16384;57;5.616045;13161;33971;33.78;2382;95;95;4;100;411;16384;50;0;x;00;;confirmada;2026-06-08T13:58:08.922
BLOQUE_4CFG_7332_20260608_135546_CFG002_CONFIG_03_-_B5F_AVG1_ADC16384;7332;BLOQUE_4CFG_7332_20260608_135546_CFG002_CONFIG_03_-_B5F_AVG1_ADC16384;configurations;toma con tabla personalizada de configuraciones;CONFIG 03 - B5F_AVG1_ADC16384;58;5.696227;13159;33985;32.96;2352;95;95;4;100;411;16384;50;0;x;00;;confirmada;2026-06-08T13:58:08.922
BLOQUE_4CFG_7332_20260608_135546_CFG002_CONFIG_03_-_B5F_AVG1_ADC16384;7332;BLOQUE_4CFG_7332_20260608_135546_CFG002_CONFIG_03_-_B5F_AVG1_ADC16384;configurations;toma con tabla personalizada de configuraciones;CONFIG 03 - B5F_AVG1_ADC16384;59;5.816518;13168;34006;33.23;2362;95;95;4;100;411;16384;50;0;x;00;;confirmada;2026-06-08T13:58:08.922
BLOQUE_4CFG_7332_20260608_135546_CFG002_CONFIG_03_-_B5F_AVG1_ADC16384;7332;BLOQUE_4CFG_7332_20260608_135546_CFG002_CONFIG_03_-_B5F_AVG1_ADC16384;configurations;toma con tabla personalizada de configuraciones;CONFIG 03 - B5F_AVG1_ADC16384;60;5.896879;13161;34037;32.88;2349;95;95;4;100;411;16384;50;0;x;00;;confirmada;2026-06-08T13:58:08.922
BLOQUE_4CFG_7332_20260608_135546_CFG002_CONFIG_03_-_B5F_AVG1_ADC16384;7332;BLOQUE_4CFG_7332_20260608_135546_CFG002_CONFIG_03_-_B5F_AVG1_ADC16384;configurations;toma con tabla personalizada de configuraciones;CONFIG 03 - B5F_AVG1_ADC16384;61;6.017019;13161;34053;32.50;2335;95;95;4;100;411;16384;50;0;x;00;;confirmada;2026-06-08T13:58:08.922
BLOQUE_4CFG_7332_20260608_135546_CFG002_CONFIG_03_-_B5F_AVG1_ADC16384;7332;BLOQUE_4CFG_7332_20260608_135546_CFG002_CONFIG_03_-_B5F_AVG1_ADC16384;configurations;toma con tabla personalizada de configuraciones;CONFIG 03 - B5F_AVG1_ADC16384;62;6.097187;13162;34044;33.73;2380;95;95;4;100;411;16384;50;0;x;00;;confirmada;2026-06-08T13:58:08.922
BLOQUE_4CFG_7332_20260608_135546_CFG002_CONFIG_03_-_B5F_AVG1_ADC16384;7332;BLOQUE_4CFG_7332_20260608_135546_CFG002_CONFIG_03_-_B5F_AVG1_ADC16384;configurations;toma con tabla personalizada de configuraciones;CONFIG 03 - B5F_AVG1_ADC16384;63;6.217646;13163;34040;33.10;2357;95;95;4;100;411;16384;50;0;x;00;;confirmada;2026-06-08T13:58:08.922
BLOQUE_4CFG_7332_20260608_135546_CFG002_CONFIG_03_-_B5F_AVG1_ADC16384;7332;BLOQUE_4CFG_7332_20260608_135546_CFG002_CONFIG_03_-_B5F_AVG1_ADC16384;configurations;toma con tabla personalizada de configuraciones;CONFIG 03 - B5F_AVG1_ADC16384;64;6.298141;13163;34036;33.23;2362;95;95;4;100;411;16384;50;0;x;00;;confirmada;2026-06-08T13:58:08.922
BLOQUE_4CFG_7332_20260608_135546_CFG002_CONFIG_03_-_B5F_AVG1_ADC16384;7332;BLOQUE_4CFG_7332_20260608_135546_CFG002_CONFIG_03_-_B5F_AVG1_ADC16384;configurations;toma con tabla personalizada de configuraciones;CONFIG 03 - B5F_AVG1_ADC16384;65;6.418186;13162;34070;33.40;2368;95;95;4;100;411;16384;50;0;x;00;;confirmada;2026-06-08T13:58:08.922
BLOQUE_4CFG_7332_20260608_135546_CFG002_CONFIG_03_-_B5F_AVG1_ADC16384;7332;BLOQUE_4CFG_7332_20260608_135546_CFG002_CONFIG_03_-_B5F_AVG1_ADC16384;configurations;toma con tabla personalizada de configuraciones;CONFIG 03 - B5F_AVG1_ADC16384;66;6.498144;13158;34064;33.78;2382;95;95;4;100;411;16384;50;0;x;00;;confirmada;2026-06-08T13:58:08.922
BLOQUE_4CFG_7332_20260608_135546_CFG002_CONFIG_03_-_B5F_AVG1_ADC16384;7332;BLOQUE_4CFG_7332_20260608_135546_CFG002_CONFIG_03_-_B5F_AVG1_ADC16384;configurations;toma con tabla personalizada de configuraciones;CONFIG 03 - B5F_AVG1_ADC16384;67;6.618760;13157;34102;34.00;2390;95;95;4;100;411;16384;50;0;x;00;;confirmada;2026-06-08T13:58:08.922
BLOQUE_4CFG_7332_20260608_135546_CFG002_CONFIG_03_-_B5F_AVG1_ADC16384;7332;BLOQUE_4CFG_7332_20260608_135546_CFG002_CONFIG_03_-_B5F_AVG1_ADC16384;configurations;toma con tabla personalizada de configuraciones;CONFIG 03 - B5F_AVG1_ADC16384;68;6.699275;13159;34118;33.02;2354;95;95;4;100;411;16384;50;0;x;00;;confirmada;2026-06-08T13:58:08.922
BLOQUE_4CFG_7332_20260608_135546_CFG002_CONFIG_03_-_B5F_AVG1_ADC16384;7332;BLOQUE_4CFG_7332_20260608_135546_CFG002_CONFIG_03_-_B5F_AVG1_ADC16384;configurations;toma con tabla personalizada de configuraciones;CONFIG 03 - B5F_AVG1_ADC16384;69;6.819285;13157;34122;32.80;2346;95;95;4;100;411;16384;50;0;x;00;;confirmada;2026-06-08T13:58:08.922
BLOQUE_4CFG_7332_20260608_135546_CFG002_CONFIG_03_-_B5F_AVG1_ADC16384;7332;BLOQUE_4CFG_7332_20260608_135546_CFG002_CONFIG_03_-_B5F_AVG1_ADC16384;configurations;toma con tabla personalizada de configuraciones;CONFIG 03 - B5F_AVG1_ADC16384;70;6.899583;13155;34152;33.43;2369;95;95;4;100;411;16384;50;0;x;00;;confirmada;2026-06-08T13:58:08.922
BLOQUE_4CFG_7332_20260608_135546_CFG002_CONFIG_03_-_B5F_AVG1_ADC16384;7332;BLOQUE_4CFG_7332_20260608_135546_CFG002_CONFIG_03_-_B5F_AVG1_ADC16384;configurations;toma con tabla personalizada de configuraciones;CONFIG 03 - B5F_AVG1_ADC16384;71;7.020036;13153;34106;33.67;2378;95;95;4;100;411;16384;50;0;x;00;;confirmada;2026-06-08T13:58:08.922
BLOQUE_4CFG_7332_20260608_135546_CFG002_CONFIG_03_-_B5F_AVG1_ADC16384;7332;BLOQUE_4CFG_7332_20260608_135546_CFG002_CONFIG_03_-_B5F_AVG1_ADC16384;configurations;toma con tabla personalizada de configuraciones;CONFIG 03 - B5F_AVG1_ADC16384;72;7.100755;13156;34107;33.37;2367;95;95;4;100;411;16384;50;0;x;00;;confirmada;2026-06-08T13:58:08.922
BLOQUE_4CFG_7332_20260608_135546_CFG002_CONFIG_03_-_B5F_AVG1_ADC16384;7332;BLOQUE_4CFG_7332_20260608_135546_CFG002_CONFIG_03_-_B5F_AVG1_ADC16384;configurations;toma con tabla personalizada de configuraciones;CONFIG 03 - B5F_AVG1_ADC16384;73;7.220511;13158;34128;33.45;2370;95;95;4;100;411;16384;50;0;x;00;;confirmada;2026-06-08T13:58:08.922
BLOQUE_4CFG_7332_20260608_135546_CFG002_CONFIG_03_-_B5F_AVG1_ADC16384;7332;BLOQUE_4CFG_7332_20260608_135546_CFG002_CONFIG_03_-_B5F_AVG1_ADC16384;configurations;toma con tabla personalizada de configuraciones;CONFIG 03 - B5F_AVG1_ADC16384;74;7.300855;13160;34135;33.48;2371;95;95;4;100;411;16384;50;0;x;00;;confirmada;2026-06-08T13:58:08.922
BLOQUE_4CFG_7332_20260608_135546_CFG002_CONFIG_03_-_B5F_AVG1_ADC16384;7332;BLOQUE_4CFG_7332_20260608_135546_CFG002_CONFIG_03_-_B5F_AVG1_ADC16384;configurations;toma con tabla personalizada de configuraciones;CONFIG 03 - B5F_AVG1_ADC16384;75;7.421198;13174;34173;33.04;2355;95;95;4;100;411;16384;50;0;x;00;;confirmada;2026-06-08T13:58:08.922
BLOQUE_4CFG_7332_20260608_135546_CFG002_CONFIG_03_-_B5F_AVG1_ADC16384;7332;BLOQUE_4CFG_7332_20260608_135546_CFG002_CONFIG_03_-_B5F_AVG1_ADC16384;configurations;toma con tabla personalizada de configuraciones;CONFIG 03 - B5F_AVG1_ADC16384;76;7.500938;13171;34157;32.80;2346;95;95;4;100;411;16384;50;0;x;00;;confirmada;2026-06-08T13:58:08.922
BLOQUE_4CFG_7332_20260608_135546_CFG002_CONFIG_03_-_B5F_AVG1_ADC16384;7332;BLOQUE_4CFG_7332_20260608_135546_CFG002_CONFIG_03_-_B5F_AVG1_ADC16384;configurations;toma con tabla personalizada de configuraciones;CONFIG 03 - B5F_AVG1_ADC16384;77;7.621718;13172;34175;33.21;2361;95;95;4;100;411;16384;50;0;x;00;;confirmada;2026-06-08T13:58:08.922
BLOQUE_4CFG_7332_20260608_135546_CFG002_CONFIG_03_-_B5F_AVG1_ADC16384;7332;BLOQUE_4CFG_7332_20260608_135546_CFG002_CONFIG_03_-_B5F_AVG1_ADC16384;configurations;toma con tabla personalizada de configuraciones;CONFIG 03 - B5F_AVG1_ADC16384;78;7.702086;13164;34172;33.32;2365;95;95;4;100;411;16384;50;0;x;00;;confirmada;2026-06-08T13:58:08.922
BLOQUE_4CFG_7332_20260608_135546_CFG002_CONFIG_03_-_B5F_AVG1_ADC16384;7332;BLOQUE_4CFG_7332_20260608_135546_CFG002_CONFIG_03_-_B5F_AVG1_ADC16384;configurations;toma con tabla personalizada de configuraciones;CONFIG 03 - B5F_AVG1_ADC16384;79;7.822179;13166;34148;33.59;2375;95;95;4;100;411;16384;50;0;x;00;;confirmada;2026-06-08T13:58:08.922
BLOQUE_4CFG_7332_20260608_135546_CFG002_CONFIG_03_-_B5F_AVG1_ADC16384;7332;BLOQUE_4CFG_7332_20260608_135546_CFG002_CONFIG_03_-_B5F_AVG1_ADC16384;configurations;toma con tabla personalizada de configuraciones;CONFIG 03 - B5F_AVG1_ADC16384;80;7.902623;13162;34160;32.80;2346;95;95;4;100;411;16384;50;0;x;00;;confirmada;2026-06-08T13:58:08.922
BLOQUE_4CFG_7332_20260608_135546_CFG002_CONFIG_03_-_B5F_AVG1_ADC16384;7332;BLOQUE_4CFG_7332_20260608_135546_CFG002_CONFIG_03_-_B5F_AVG1_ADC16384;configurations;toma con tabla personalizada de configuraciones;CONFIG 03 - B5F_AVG1_ADC16384;81;8.022772;13159;34171;33.15;2359;95;95;4;100;411;16384;50;0;x;00;;confirmada;2026-06-08T13:58:08.922
BLOQUE_4CFG_7332_20260608_135546_CFG002_CONFIG_03_-_B5F_AVG1_ADC16384;7332;BLOQUE_4CFG_7332_20260608_135546_CFG002_CONFIG_03_-_B5F_AVG1_ADC16384;configurations;toma con tabla personalizada de configuraciones;CONFIG 03 - B5F_AVG1_ADC16384;82;8.103265;13160;34194;33.56;2374;95;95;4;100;411;16384;50;0;x;00;;confirmada;2026-06-08T13:58:08.922
BLOQUE_4CFG_7332_20260608_135546_CFG002_CONFIG_03_-_B5F_AVG1_ADC16384;7332;BLOQUE_4CFG_7332_20260608_135546_CFG002_CONFIG_03_-_B5F_AVG1_ADC16384;configurations;toma con tabla personalizada de configuraciones;CONFIG 03 - B5F_AVG1_ADC16384;83;8.223406;13156;34184;33.54;2373;95;95;4;100;411;16384;50;0;x;00;;confirmada;2026-06-08T13:58:08.922
BLOQUE_4CFG_7332_20260608_135546_CFG002_CONFIG_03_-_B5F_AVG1_ADC16384;7332;BLOQUE_4CFG_7332_20260608_135546_CFG002_CONFIG_03_-_B5F_AVG1_ADC16384;configurations;toma con tabla personalizada de configuraciones;CONFIG 03 - B5F_AVG1_ADC16384;84;8.303914;13156;34167;32.64;2340;95;95;4;100;411;16384;50;0;x;00;;confirmada;2026-06-08T13:58:08.922
BLOQUE_4CFG_7332_20260608_135546_CFG002_CONFIG_03_-_B5F_AVG1_ADC16384;7332;BLOQUE_4CFG_7332_20260608_135546_CFG002_CONFIG_03_-_B5F_AVG1_ADC16384;configurations;toma con tabla personalizada de configuraciones;CONFIG 03 - B5F_AVG1_ADC16384;85;8.423956;13149;34164;33.67;2378;95;95;4;100;411;16384;50;0;x;00;;confirmada;2026-06-08T13:58:08.922
BLOQUE_4CFG_7332_20260608_135546_CFG002_CONFIG_03_-_B5F_AVG1_ADC16384;7332;BLOQUE_4CFG_7332_20260608_135546_CFG002_CONFIG_03_-_B5F_AVG1_ADC16384;configurations;toma con tabla personalizada de configuraciones;CONFIG 03 - B5F_AVG1_ADC16384;86;8.504750;13156;34120;33.92;2387;95;95;4;100;411;16384;50;0;x;00;;confirmada;2026-06-08T13:58:08.922
BLOQUE_4CFG_7332_20260608_135546_CFG002_CONFIG_03_-_B5F_AVG1_ADC16384;7332;BLOQUE_4CFG_7332_20260608_135546_CFG002_CONFIG_03_-_B5F_AVG1_ADC16384;configurations;toma con tabla personalizada de configuraciones;CONFIG 03 - B5F_AVG1_ADC16384;87;8.624540;13149;34125;33.40;2368;95;95;4;100;411;16384;50;0;x;00;;confirmada;2026-06-08T13:58:08.922
BLOQUE_4CFG_7332_20260608_135546_CFG002_CONFIG_03_-_B5F_AVG1_ADC16384;7332;BLOQUE_4CFG_7332_20260608_135546_CFG002_CONFIG_03_-_B5F_AVG1_ADC16384;configurations;toma con tabla personalizada de configuraciones;CONFIG 03 - B5F_AVG1_ADC16384;88;8.704993;13151;34140;33.23;2362;95;95;4;100;411;16384;50;0;x;00;;confirmada;2026-06-08T13:58:08.922
BLOQUE_4CFG_7332_20260608_135546_CFG002_CONFIG_03_-_B5F_AVG1_ADC16384;7332;BLOQUE_4CFG_7332_20260608_135546_CFG002_CONFIG_03_-_B5F_AVG1_ADC16384;configurations;toma con tabla personalizada de configuraciones;CONFIG 03 - B5F_AVG1_ADC16384;89;8.825093;13151;34091;33.62;2376;95;95;4;100;411;16384;50;0;x;00;;confirmada;2026-06-08T13:58:08.922
BLOQUE_4CFG_7332_20260608_135546_CFG002_CONFIG_03_-_B5F_AVG1_ADC16384;7332;BLOQUE_4CFG_7332_20260608_135546_CFG002_CONFIG_03_-_B5F_AVG1_ADC16384;configurations;toma con tabla personalizada de configuraciones;CONFIG 03 - B5F_AVG1_ADC16384;90;8.905494;13146;34102;33.62;2376;95;95;4;100;411;16384;50;0;x;00;;confirmada;2026-06-08T13:58:08.922
BLOQUE_4CFG_7332_20260608_135546_CFG002_CONFIG_03_-_B5F_AVG1_ADC16384;7332;BLOQUE_4CFG_7332_20260608_135546_CFG002_CONFIG_03_-_B5F_AVG1_ADC16384;configurations;toma con tabla personalizada de configuraciones;CONFIG 03 - B5F_AVG1_ADC16384;91;9.025812;13141;34081;33.40;2368;95;95;4;100;411;16384;50;0;x;00;;confirmada;2026-06-08T13:58:08.922
BLOQUE_4CFG_7332_20260608_135546_CFG002_CONFIG_03_-_B5F_AVG1_ADC16384;7332;BLOQUE_4CFG_7332_20260608_135546_CFG002_CONFIG_03_-_B5F_AVG1_ADC16384;configurations;toma con tabla personalizada de configuraciones;CONFIG 03 - B5F_AVG1_ADC16384;92;9.106478;13139;34089;33.54;2373;95;95;4;100;411;16384;50;0;x;00;;confirmada;2026-06-08T13:58:08.922
BLOQUE_4CFG_7332_20260608_135546_CFG002_CONFIG_03_-_B5F_AVG1_ADC16384;7332;BLOQUE_4CFG_7332_20260608_135546_CFG002_CONFIG_03_-_B5F_AVG1_ADC16384;configurations;toma con tabla personalizada de configuraciones;CONFIG 03 - B5F_AVG1_ADC16384;93;9.226317;13128;34076;33.45;2370;95;95;4;100;411;16384;50;0;x;00;;confirmada;2026-06-08T13:58:08.922
BLOQUE_4CFG_7332_20260608_135546_CFG002_CONFIG_03_-_B5F_AVG1_ADC16384;7332;BLOQUE_4CFG_7332_20260608_135546_CFG002_CONFIG_03_-_B5F_AVG1_ADC16384;configurations;toma con tabla personalizada de configuraciones;CONFIG 03 - B5F_AVG1_ADC16384;94;9.306935;13132;34074;33.51;2372;95;95;4;100;411;16384;50;0;x;00;;confirmada;2026-06-08T13:58:08.922
BLOQUE_4CFG_7332_20260608_135546_CFG002_CONFIG_03_-_B5F_AVG1_ADC16384;7332;BLOQUE_4CFG_7332_20260608_135546_CFG002_CONFIG_03_-_B5F_AVG1_ADC16384;configurations;toma con tabla personalizada de configuraciones;CONFIG 03 - B5F_AVG1_ADC16384;95;9.426894;13121;34019;33.23;2362;95;95;4;100;411;16384;50;0;x;00;;confirmada;2026-06-08T13:58:08.922
BLOQUE_4CFG_7332_20260608_135546_CFG002_CONFIG_03_-_B5F_AVG1_ADC16384;7332;BLOQUE_4CFG_7332_20260608_135546_CFG002_CONFIG_03_-_B5F_AVG1_ADC16384;configurations;toma con tabla personalizada de configuraciones;CONFIG 03 - B5F_AVG1_ADC16384;96;9.507683;13113;33988;33.23;2362;95;95;4;100;411;16384;50;0;x;00;;confirmada;2026-06-08T13:58:08.922
BLOQUE_4CFG_7332_20260608_135546_CFG002_CONFIG_03_-_B5F_AVG1_ADC16384;7332;BLOQUE_4CFG_7332_20260608_135546_CFG002_CONFIG_03_-_B5F_AVG1_ADC16384;configurations;toma con tabla personalizada de configuraciones;CONFIG 03 - B5F_AVG1_ADC16384;97;9.627403;13126;33977;33.37;2367;95;95;4;100;411;16384;50;0;x;00;;confirmada;2026-06-08T13:58:08.922
BLOQUE_4CFG_7332_20260608_135546_CFG002_CONFIG_03_-_B5F_AVG1_ADC16384;7332;BLOQUE_4CFG_7332_20260608_135546_CFG002_CONFIG_03_-_B5F_AVG1_ADC16384;configurations;toma con tabla personalizada de configuraciones;CONFIG 03 - B5F_AVG1_ADC16384;98;9.707482;13113;33969;33.70;2379;95;95;4;100;411;16384;50;0;x;00;;confirmada;2026-06-08T13:58:08.922
BLOQUE_4CFG_7332_20260608_135546_CFG002_CONFIG_03_-_B5F_AVG1_ADC16384;7332;BLOQUE_4CFG_7332_20260608_135546_CFG002_CONFIG_03_-_B5F_AVG1_ADC16384;configurations;toma con tabla personalizada de configuraciones;CONFIG 03 - B5F_AVG1_ADC16384;99;9.828064;13110;33976;32.77;2345;95;95;4;100;411;16384;50;0;x;00;;confirmada;2026-06-08T13:58:08.922
BLOQUE_4CFG_7332_20260608_135546_CFG002_CONFIG_03_-_B5F_AVG1_ADC16384;7332;BLOQUE_4CFG_7332_20260608_135546_CFG002_CONFIG_03_-_B5F_AVG1_ADC16384;configurations;toma con tabla personalizada de configuraciones;CONFIG 03 - B5F_AVG1_ADC16384;100;9.907906;13117;34012;33.15;2359;95;95;4;100;411;16384;50;0;x;00;;confirmada;2026-06-08T13:58:08.922
BLOQUE_4CFG_7332_20260608_135546_CFG002_CONFIG_03_-_B5F_AVG1_ADC16384;7332;BLOQUE_4CFG_7332_20260608_135546_CFG002_CONFIG_03_-_B5F_AVG1_ADC16384;configurations;toma con tabla personalizada de configuraciones;CONFIG 03 - B5F_AVG1_ADC16384;101;10.028469;13117;34003;33.43;2369;95;95;4;100;411;16384;50;0;x;00;;confirmada;2026-06-08T13:58:08.922
BLOQUE_4CFG_7332_20260608_135546_CFG002_CONFIG_03_-_B5F_AVG1_ADC16384;7332;BLOQUE_4CFG_7332_20260608_135546_CFG002_CONFIG_03_-_B5F_AVG1_ADC16384;configurations;toma con tabla personalizada de configuraciones;CONFIG 03 - B5F_AVG1_ADC16384;102;10.108846;13119;33989;32.80;2346;95;95;4;100;411;16384;50;0;x;00;;confirmada;2026-06-08T13:58:08.922
BLOQUE_4CFG_7332_20260608_135546_CFG002_CONFIG_03_-_B5F_AVG1_ADC16384;7332;BLOQUE_4CFG_7332_20260608_135546_CFG002_CONFIG_03_-_B5F_AVG1_ADC16384;configurations;toma con tabla personalizada de configuraciones;CONFIG 03 - B5F_AVG1_ADC16384;103;10.229067;13105;33989;33.48;2371;95;95;4;100;411;16384;50;0;x;00;;confirmada;2026-06-08T13:58:08.922
BLOQUE_4CFG_7332_20260608_135546_CFG002_CONFIG_03_-_B5F_AVG1_ADC16384;7332;BLOQUE_4CFG_7332_20260608_135546_CFG002_CONFIG_03_-_B5F_AVG1_ADC16384;configurations;toma con tabla personalizada de configuraciones;CONFIG 03 - B5F_AVG1_ADC16384;104;10.308978;13103;33992;33.40;2368;95;95;4;100;411;16384;50;0;x;00;;confirmada;2026-06-08T13:58:08.922
BLOQUE_4CFG_7332_20260608_135546_CFG002_CONFIG_03_-_B5F_AVG1_ADC16384;7332;BLOQUE_4CFG_7332_20260608_135546_CFG002_CONFIG_03_-_B5F_AVG1_ADC16384;configurations;toma con tabla personalizada de configuraciones;CONFIG 03 - B5F_AVG1_ADC16384;105;10.429777;13101;34002;33.07;2356;95;95;4;100;411;16384;50;0;x;00;;confirmada;2026-06-08T13:58:08.922
BLOQUE_4CFG_7332_20260608_135546_CFG002_CONFIG_03_-_B5F_AVG1_ADC16384;7332;BLOQUE_4CFG_7332_20260608_135546_CFG002_CONFIG_03_-_B5F_AVG1_ADC16384;configurations;toma con tabla personalizada de configuraciones;CONFIG 03 - B5F_AVG1_ADC16384;106;10.509752;13106;33992;33.37;2367;95;95;4;100;411;16384;50;0;x;00;;confirmada;2026-06-08T13:58:08.922
BLOQUE_4CFG_7332_20260608_135546_CFG002_CONFIG_03_-_B5F_AVG1_ADC16384;7332;BLOQUE_4CFG_7332_20260608_135546_CFG002_CONFIG_03_-_B5F_AVG1_ADC16384;configurations;toma con tabla personalizada de configuraciones;CONFIG 03 - B5F_AVG1_ADC16384;107;10.630135;13107;34014;33.84;2384;95;95;4;100;411;16384;50;0;x;00;;confirmada;2026-06-08T13:58:08.922
BLOQUE_4CFG_7332_20260608_135546_CFG002_CONFIG_03_-_B5F_AVG1_ADC16384;7332;BLOQUE_4CFG_7332_20260608_135546_CFG002_CONFIG_03_-_B5F_AVG1_ADC16384;configurations;toma con tabla personalizada de configuraciones;CONFIG 03 - B5F_AVG1_ADC16384;108;10.710926;13098;34007;33.04;2355;95;95;4;100;411;16384;50;0;x;00;;confirmada;2026-06-08T13:58:08.922
BLOQUE_4CFG_7332_20260608_135546_CFG002_CONFIG_03_-_B5F_AVG1_ADC16384;7332;BLOQUE_4CFG_7332_20260608_135546_CFG002_CONFIG_03_-_B5F_AVG1_ADC16384;configurations;toma con tabla personalizada de configuraciones;CONFIG 03 - B5F_AVG1_ADC16384;109;10.830749;13096;33975;33.56;2374;95;95;4;100;411;16384;50;0;x;00;;confirmada;2026-06-08T13:58:08.922
BLOQUE_4CFG_7332_20260608_135546_CFG002_CONFIG_03_-_B5F_AVG1_ADC16384;7332;BLOQUE_4CFG_7332_20260608_135546_CFG002_CONFIG_03_-_B5F_AVG1_ADC16384;configurations;toma con tabla personalizada de configuraciones;CONFIG 03 - B5F_AVG1_ADC16384;110;10.910882;13093;33991;33.45;2370;95;95;4;100;411;16384;50;0;x;00;;confirmada;2026-06-08T13:58:08.922
BLOQUE_4CFG_7332_20260608_135546_CFG002_CONFIG_03_-_B5F_AVG1_ADC16384;7332;BLOQUE_4CFG_7332_20260608_135546_CFG002_CONFIG_03_-_B5F_AVG1_ADC16384;configurations;toma con tabla personalizada de configuraciones;CONFIG 03 - B5F_AVG1_ADC16384;111;11.031480;13087;33989;32.85;2348;95;95;4;100;411;16384;50;0;x;00;;confirmada;2026-06-08T13:58:08.922
BLOQUE_4CFG_7332_20260608_135546_CFG002_CONFIG_03_-_B5F_AVG1_ADC16384;7332;BLOQUE_4CFG_7332_20260608_135546_CFG002_CONFIG_03_-_B5F_AVG1_ADC16384;configurations;toma con tabla personalizada de configuraciones;CONFIG 03 - B5F_AVG1_ADC16384;112;11.111303;13086;34008;33.73;2380;95;95;4;100;411;16384;50;0;x;00;;confirmada;2026-06-08T13:58:08.922
BLOQUE_4CFG_7332_20260608_135546_CFG002_CONFIG_03_-_B5F_AVG1_ADC16384;7332;BLOQUE_4CFG_7332_20260608_135546_CFG002_CONFIG_03_-_B5F_AVG1_ADC16384;configurations;toma con tabla personalizada de configuraciones;CONFIG 03 - B5F_AVG1_ADC16384;113;11.231974;13080;34022;33.67;2378;95;95;4;100;411;16384;50;0;x;00;;confirmada;2026-06-08T13:58:08.922
BLOQUE_4CFG_7332_20260608_135546_CFG002_CONFIG_03_-_B5F_AVG1_ADC16384;7332;BLOQUE_4CFG_7332_20260608_135546_CFG002_CONFIG_03_-_B5F_AVG1_ADC16384;configurations;toma con tabla personalizada de configuraciones;CONFIG 03 - B5F_AVG1_ADC16384;114;11.312772;13082;34028;32.61;2339;95;95;4;100;411;16384;50;0;x;00;;confirmada;2026-06-08T13:58:08.922
BLOQUE_4CFG_7332_20260608_135546_CFG002_CONFIG_03_-_B5F_AVG1_ADC16384;7332;BLOQUE_4CFG_7332_20260608_135546_CFG002_CONFIG_03_-_B5F_AVG1_ADC16384;configurations;toma con tabla personalizada de configuraciones;CONFIG 03 - B5F_AVG1_ADC16384;115;11.432512;13088;34060;33.04;2355;95;95;4;100;411;16384;50;0;x;00;;confirmada;2026-06-08T13:58:08.922
BLOQUE_4CFG_7332_20260608_135546_CFG002_CONFIG_03_-_B5F_AVG1_ADC16384;7332;BLOQUE_4CFG_7332_20260608_135546_CFG002_CONFIG_03_-_B5F_AVG1_ADC16384;configurations;toma con tabla personalizada de configuraciones;CONFIG 03 - B5F_AVG1_ADC16384;116;11.513057;13100;34039;33.48;2371;95;95;4;100;411;16384;50;0;x;00;;confirmada;2026-06-08T13:58:08.922
BLOQUE_4CFG_7332_20260608_135546_CFG002_CONFIG_03_-_B5F_AVG1_ADC16384;7332;BLOQUE_4CFG_7332_20260608_135546_CFG002_CONFIG_03_-_B5F_AVG1_ADC16384;configurations;toma con tabla personalizada de configuraciones;CONFIG 03 - B5F_AVG1_ADC16384;117;11.633029;13094;34022;33.10;2357;95;95;4;100;411;16384;50;0;x;00;;confirmada;2026-06-08T13:58:08.922
BLOQUE_4CFG_7332_20260608_135546_CFG002_CONFIG_03_-_B5F_AVG1_ADC16384;7332;BLOQUE_4CFG_7332_20260608_135546_CFG002_CONFIG_03_-_B5F_AVG1_ADC16384;configurations;toma con tabla personalizada de configuraciones;CONFIG 03 - B5F_AVG1_ADC16384;118;11.713892;13084;34002;32.80;2346;95;95;4;100;411;16384;50;0;x;00;;confirmada;2026-06-08T13:58:08.922
BLOQUE_4CFG_7332_20260608_135546_CFG002_CONFIG_03_-_B5F_AVG1_ADC16384;7332;BLOQUE_4CFG_7332_20260608_135546_CFG002_CONFIG_03_-_B5F_AVG1_ADC16384;configurations;toma con tabla personalizada de configuraciones;CONFIG 03 - B5F_AVG1_ADC16384;119;11.833653;13080;34012;33.02;2354;95;95;4;100;411;16384;50;0;x;00;;confirmada;2026-06-08T13:58:08.922
BLOQUE_4CFG_7332_20260608_135546_CFG002_CONFIG_03_-_B5F_AVG1_ADC16384;7332;BLOQUE_4CFG_7332_20260608_135546_CFG002_CONFIG_03_-_B5F_AVG1_ADC16384;configurations;toma con tabla personalizada de configuraciones;CONFIG 03 - B5F_AVG1_ADC16384;120;11.913602;13078;34036;32.66;2341;95;95;4;100;411;16384;50;0;x;00;;confirmada;2026-06-08T13:58:08.922
BLOQUE_4CFG_7332_20260608_135546_CFG002_CONFIG_03_-_B5F_AVG1_ADC16384;7332;BLOQUE_4CFG_7332_20260608_135546_CFG002_CONFIG_03_-_B5F_AVG1_ADC16384;configurations;toma con tabla personalizada de configuraciones;CONFIG 03 - B5F_AVG1_ADC16384;121;12.034289;13076;34039;34.67;2414;95;95;4;100;411;16384;50;0;x;00;;confirmada;2026-06-08T13:58:08.922
BLOQUE_4CFG_7332_20260608_135546_CFG002_CONFIG_03_-_B5F_AVG1_ADC16384;7332;BLOQUE_4CFG_7332_20260608_135546_CFG002_CONFIG_03_-_B5F_AVG1_ADC16384;configurations;toma con tabla personalizada de configuraciones;CONFIG 03 - B5F_AVG1_ADC16384;122;12.114510;13070;34055;33.70;2379;95;95;4;100;411;16384;50;0;x;00;;confirmada;2026-06-08T13:58:08.923
BLOQUE_4CFG_7332_20260608_135546_CFG002_CONFIG_03_-_B5F_AVG1_ADC16384;7332;BLOQUE_4CFG_7332_20260608_135546_CFG002_CONFIG_03_-_B5F_AVG1_ADC16384;configurations;toma con tabla personalizada de configuraciones;CONFIG 03 - B5F_AVG1_ADC16384;123;12.234856;13069;34051;33.54;2373;95;95;4;100;411;16384;50;0;x;00;;confirmada;2026-06-08T13:58:08.923
BLOQUE_4CFG_7332_20260608_135546_CFG002_CONFIG_03_-_B5F_AVG1_ADC16384;7332;BLOQUE_4CFG_7332_20260608_135546_CFG002_CONFIG_03_-_B5F_AVG1_ADC16384;configurations;toma con tabla personalizada de configuraciones;CONFIG 03 - B5F_AVG1_ADC16384;124;12.314663;13072;34029;33.51;2372;95;95;4;100;411;16384;50;0;x;00;;confirmada;2026-06-08T13:58:08.923
BLOQUE_4CFG_7332_20260608_135546_CFG002_CONFIG_03_-_B5F_AVG1_ADC16384;7332;BLOQUE_4CFG_7332_20260608_135546_CFG002_CONFIG_03_-_B5F_AVG1_ADC16384;configurations;toma con tabla personalizada de configuraciones;CONFIG 03 - B5F_AVG1_ADC16384;125;12.435511;13069;34031;33.76;2381;95;95;4;100;411;16384;50;0;x;00;;confirmada;2026-06-08T13:58:08.923
BLOQUE_4CFG_7332_20260608_135546_CFG002_CONFIG_03_-_B5F_AVG1_ADC16384;7332;BLOQUE_4CFG_7332_20260608_135546_CFG002_CONFIG_03_-_B5F_AVG1_ADC16384;configurations;toma con tabla personalizada de configuraciones;CONFIG 03 - B5F_AVG1_ADC16384;126;12.515921;13068;34030;34.03;2391;95;95;4;100;411;16384;50;0;x;00;;confirmada;2026-06-08T13:58:08.923
BLOQUE_4CFG_7332_20260608_135546_CFG002_CONFIG_03_-_B5F_AVG1_ADC16384;7332;BLOQUE_4CFG_7332_20260608_135546_CFG002_CONFIG_03_-_B5F_AVG1_ADC16384;configurations;toma con tabla personalizada de configuraciones;CONFIG 03 - B5F_AVG1_ADC16384;127;12.635993;13076;34067;33.59;2375;95;95;4;100;411;16384;50;0;x;00;;confirmada;2026-06-08T13:58:08.923
BLOQUE_4CFG_7332_20260608_135546_CFG002_CONFIG_03_-_B5F_AVG1_ADC16384;7332;BLOQUE_4CFG_7332_20260608_135546_CFG002_CONFIG_03_-_B5F_AVG1_ADC16384;configurations;toma con tabla personalizada de configuraciones;CONFIG 03 - B5F_AVG1_ADC16384;128;12.716333;13066;34083;33.23;2362;95;95;4;100;411;16384;50;0;x;00;;confirmada;2026-06-08T13:58:08.923
BLOQUE_4CFG_7332_20260608_135546_CFG002_CONFIG_03_-_B5F_AVG1_ADC16384;7332;BLOQUE_4CFG_7332_20260608_135546_CFG002_CONFIG_03_-_B5F_AVG1_ADC16384;configurations;toma con tabla personalizada de configuraciones;CONFIG 03 - B5F_AVG1_ADC16384;129;12.836637;13076;34089;33.65;2377;95;95;4;100;411;16384;50;0;x;00;;confirmada;2026-06-08T13:58:08.923
BLOQUE_4CFG_7332_20260608_135546_CFG002_CONFIG_03_-_B5F_AVG1_ADC16384;7332;BLOQUE_4CFG_7332_20260608_135546_CFG002_CONFIG_03_-_B5F_AVG1_ADC16384;configurations;toma con tabla personalizada de configuraciones;CONFIG 03 - B5F_AVG1_ADC16384;130;12.917248;13072;34096;34.78;2418;95;95;4;100;411;16384;50;0;x;00;;confirmada;2026-06-08T13:58:08.923
BLOQUE_4CFG_7332_20260608_135546_CFG002_CONFIG_03_-_B5F_AVG1_ADC16384;7332;BLOQUE_4CFG_7332_20260608_135546_CFG002_CONFIG_03_-_B5F_AVG1_ADC16384;configurations;toma con tabla personalizada de configuraciones;CONFIG 03 - B5F_AVG1_ADC16384;131;13.037062;13065;34073;32.74;2344;95;95;4;100;411;16384;50;0;x;00;;confirmada;2026-06-08T13:58:08.923
BLOQUE_4CFG_7332_20260608_135546_CFG002_CONFIG_03_-_B5F_AVG1_ADC16384;7332;BLOQUE_4CFG_7332_20260608_135546_CFG002_CONFIG_03_-_B5F_AVG1_ADC16384;configurations;toma con tabla personalizada de configuraciones;CONFIG 03 - B5F_AVG1_ADC16384;132;13.117243;13071;34073;33.87;2385;95;95;4;100;411;16384;50;0;x;00;;confirmada;2026-06-08T13:58:08.923
BLOQUE_4CFG_7332_20260608_135546_CFG002_CONFIG_03_-_B5F_AVG1_ADC16384;7332;BLOQUE_4CFG_7332_20260608_135546_CFG002_CONFIG_03_-_B5F_AVG1_ADC16384;configurations;toma con tabla personalizada de configuraciones;CONFIG 03 - B5F_AVG1_ADC16384;133;13.237566;13054;34023;33.89;2386;95;95;4;100;411;16384;50;0;x;00;;confirmada;2026-06-08T13:58:08.923
BLOQUE_4CFG_7332_20260608_135546_CFG002_CONFIG_03_-_B5F_AVG1_ADC16384;7332;BLOQUE_4CFG_7332_20260608_135546_CFG002_CONFIG_03_-_B5F_AVG1_ADC16384;configurations;toma con tabla personalizada de configuraciones;CONFIG 03 - B5F_AVG1_ADC16384;134;13.317697;13063;33971;33.04;2355;95;95;4;100;411;16384;50;0;x;00;;confirmada;2026-06-08T13:58:08.923
BLOQUE_4CFG_7332_20260608_135546_CFG002_CONFIG_03_-_B5F_AVG1_ADC16384;7332;BLOQUE_4CFG_7332_20260608_135546_CFG002_CONFIG_03_-_B5F_AVG1_ADC16384;configurations;toma con tabla personalizada de configuraciones;CONFIG 03 - B5F_AVG1_ADC16384;135;13.438217;13069;34017;33.37;2367;95;95;4;100;411;16384;50;0;x;00;;confirmada;2026-06-08T13:58:08.923
BLOQUE_4CFG_7332_20260608_135546_CFG002_CONFIG_03_-_B5F_AVG1_ADC16384;7332;BLOQUE_4CFG_7332_20260608_135546_CFG002_CONFIG_03_-_B5F_AVG1_ADC16384;configurations;toma con tabla personalizada de configuraciones;CONFIG 03 - B5F_AVG1_ADC16384;136;13.518770;13074;34056;34.11;2394;95;95;4;100;411;16384;50;0;x;00;;confirmada;2026-06-08T13:58:08.923
BLOQUE_4CFG_7332_20260608_135546_CFG002_CONFIG_03_-_B5F_AVG1_ADC16384;7332;BLOQUE_4CFG_7332_20260608_135546_CFG002_CONFIG_03_-_B5F_AVG1_ADC16384;configurations;toma con tabla personalizada de configuraciones;CONFIG 03 - B5F_AVG1_ADC16384;137;13.638611;13068;34092;33.87;2385;95;95;4;100;411;16384;50;0;x;00;;confirmada;2026-06-08T13:58:08.923
BLOQUE_4CFG_7332_20260608_135546_CFG002_CONFIG_03_-_B5F_AVG1_ADC16384;7332;BLOQUE_4CFG_7332_20260608_135546_CFG002_CONFIG_03_-_B5F_AVG1_ADC16384;configurations;toma con tabla personalizada de configuraciones;CONFIG 03 - B5F_AVG1_ADC16384;138;13.718764;13061;34107;33.54;2373;95;95;4;100;411;16384;50;0;x;00;;confirmada;2026-06-08T13:58:08.923
BLOQUE_4CFG_7332_20260608_135546_CFG002_CONFIG_03_-_B5F_AVG1_ADC16384;7332;BLOQUE_4CFG_7332_20260608_135546_CFG002_CONFIG_03_-_B5F_AVG1_ADC16384;configurations;toma con tabla personalizada de configuraciones;CONFIG 03 - B5F_AVG1_ADC16384;139;13.839203;13071;34127;33.81;2383;95;95;4;100;411;16384;50;0;x;00;;confirmada;2026-06-08T13:58:08.923
BLOQUE_4CFG_7332_20260608_135546_CFG002_CONFIG_03_-_B5F_AVG1_ADC16384;7332;BLOQUE_4CFG_7332_20260608_135546_CFG002_CONFIG_03_-_B5F_AVG1_ADC16384;configurations;toma con tabla personalizada de configuraciones;CONFIG 03 - B5F_AVG1_ADC16384;140;13.919860;13083;34136;33.56;2374;95;95;4;100;411;16384;50;0;x;00;;confirmada;2026-06-08T13:58:08.923
BLOQUE_4CFG_7332_20260608_135546_CFG002_CONFIG_03_-_B5F_AVG1_ADC16384;7332;BLOQUE_4CFG_7332_20260608_135546_CFG002_CONFIG_03_-_B5F_AVG1_ADC16384;configurations;toma con tabla personalizada de configuraciones;CONFIG 03 - B5F_AVG1_ADC16384;141;14.039714;13085;34095;33.32;2365;95;95;4;100;411;16384;50;0;x;00;;confirmada;2026-06-08T13:58:08.923
BLOQUE_4CFG_7332_20260608_135546_CFG002_CONFIG_03_-_B5F_AVG1_ADC16384;7332;BLOQUE_4CFG_7332_20260608_135546_CFG002_CONFIG_03_-_B5F_AVG1_ADC16384;configurations;toma con tabla personalizada de configuraciones;CONFIG 03 - B5F_AVG1_ADC16384;142;14.119856;13087;34125;33.40;2368;95;95;4;100;411;16384;50;0;x;00;;confirmada;2026-06-08T13:58:08.923
BLOQUE_4CFG_7332_20260608_135546_CFG002_CONFIG_03_-_B5F_AVG1_ADC16384;7332;BLOQUE_4CFG_7332_20260608_135546_CFG002_CONFIG_03_-_B5F_AVG1_ADC16384;configurations;toma con tabla personalizada de configuraciones;CONFIG 03 - B5F_AVG1_ADC16384;143;14.240303;13098;34079;33.48;2371;95;95;4;100;411;16384;50;0;x;00;;confirmada;2026-06-08T13:58:08.923
BLOQUE_4CFG_7332_20260608_135546_CFG002_CONFIG_03_-_B5F_AVG1_ADC16384;7332;BLOQUE_4CFG_7332_20260608_135546_CFG002_CONFIG_03_-_B5F_AVG1_ADC16384;configurations;toma con tabla personalizada de configuraciones;CONFIG 03 - B5F_AVG1_ADC16384;144;14.320780;13115;34216;33.87;2385;95;95;4;100;411;16384;50;0;x;00;;confirmada;2026-06-08T13:58:08.923
BLOQUE_4CFG_7332_20260608_135546_CFG002_CONFIG_03_-_B5F_AVG1_ADC16384;7332;BLOQUE_4CFG_7332_20260608_135546_CFG002_CONFIG_03_-_B5F_AVG1_ADC16384;configurations;toma con tabla personalizada de configuraciones;CONFIG 03 - B5F_AVG1_ADC16384;145;14.440909;13035;33983;33.59;2375;95;95;4;100;411;16384;50;0;x;00;;confirmada;2026-06-08T13:58:08.923
BLOQUE_4CFG_7332_20260608_135546_CFG002_CONFIG_03_-_B5F_AVG1_ADC16384;7332;BLOQUE_4CFG_7332_20260608_135546_CFG002_CONFIG_03_-_B5F_AVG1_ADC16384;configurations;toma con tabla personalizada de configuraciones;CONFIG 03 - B5F_AVG1_ADC16384;146;14.520534;13053;34066;32.83;2347;95;95;4;100;411;16384;50;0;x;00;;confirmada;2026-06-08T13:58:08.923
BLOQUE_4CFG_7332_20260608_135546_CFG002_CONFIG_03_-_B5F_AVG1_ADC16384;7332;BLOQUE_4CFG_7332_20260608_135546_CFG002_CONFIG_03_-_B5F_AVG1_ADC16384;configurations;toma con tabla personalizada de configuraciones;CONFIG 03 - B5F_AVG1_ADC16384;147;14.641413;13049;34051;32.61;2339;95;95;4;100;411;16384;50;0;x;00;;confirmada;2026-06-08T13:58:08.923
BLOQUE_4CFG_7332_20260608_135546_CFG002_CONFIG_03_-_B5F_AVG1_ADC16384;7332;BLOQUE_4CFG_7332_20260608_135546_CFG002_CONFIG_03_-_B5F_AVG1_ADC16384;configurations;toma con tabla personalizada de configuraciones;CONFIG 03 - B5F_AVG1_ADC16384;148;14.721059;13070;34044;33.51;2372;95;95;4;100;411;16384;50;0;x;00;;confirmada;2026-06-08T13:58:08.923
BLOQUE_4CFG_7332_20260608_135546_CFG002_CONFIG_03_-_B5F_AVG1_ADC16384;7332;BLOQUE_4CFG_7332_20260608_135546_CFG002_CONFIG_03_-_B5F_AVG1_ADC16384;configurations;toma con tabla personalizada de configuraciones;CONFIG 03 - B5F_AVG1_ADC16384;149;14.841898;13070;34017;33.92;2387;95;95;4;100;411;16384;50;0;x;00;;confirmada;2026-06-08T13:58:08.923
BLOQUE_4CFG_7332_20260608_135546_CFG002_CONFIG_03_-_B5F_AVG1_ADC16384;7332;BLOQUE_4CFG_7332_20260608_135546_CFG002_CONFIG_03_-_B5F_AVG1_ADC16384;configurations;toma con tabla personalizada de configuraciones;CONFIG 03 - B5F_AVG1_ADC16384;150;14.922313;13076;34038;33.29;2364;95;95;4;100;411;16384;50;0;x;00;;confirmada;2026-06-08T13:58:08.923
BLOQUE_4CFG_7332_20260608_135546_CFG002_CONFIG_03_-_B5F_AVG1_ADC16384;7332;BLOQUE_4CFG_7332_20260608_135546_CFG002_CONFIG_03_-_B5F_AVG1_ADC16384;configurations;toma con tabla personalizada de configuraciones;CONFIG 03 - B5F_AVG1_ADC16384;151;15.042678;13077;34048;34.25;2399;95;95;4;100;411;16384;50;0;x;00;;confirmada;2026-06-08T13:58:08.923
BLOQUE_4CFG_7332_20260608_135546_CFG002_CONFIG_03_-_B5F_AVG1_ADC16384;7332;BLOQUE_4CFG_7332_20260608_135546_CFG002_CONFIG_03_-_B5F_AVG1_ADC16384;configurations;toma con tabla personalizada de configuraciones;CONFIG 03 - B5F_AVG1_ADC16384;152;15.123149;13068;34064;33.92;2387;95;95;4;100;411;16384;50;0;x;00;;confirmada;2026-06-08T13:58:08.923
BLOQUE_4CFG_7332_20260608_135546_CFG002_CONFIG_03_-_B5F_AVG1_ADC16384;7332;BLOQUE_4CFG_7332_20260608_135546_CFG002_CONFIG_03_-_B5F_AVG1_ADC16384;configurations;toma con tabla personalizada de configuraciones;CONFIG 03 - B5F_AVG1_ADC16384;153;15.243111;13072;34097;33.65;2377;95;95;4;100;411;16384;50;0;x;00;;confirmada;2026-06-08T13:58:08.923
BLOQUE_4CFG_7332_20260608_135546_CFG002_CONFIG_03_-_B5F_AVG1_ADC16384;7332;BLOQUE_4CFG_7332_20260608_135546_CFG002_CONFIG_03_-_B5F_AVG1_ADC16384;configurations;toma con tabla personalizada de configuraciones;CONFIG 03 - B5F_AVG1_ADC16384;154;15.323478;13084;34127;33.81;2383;95;95;4;100;411;16384;50;0;x;00;;confirmada;2026-06-08T13:58:08.923
BLOQUE_4CFG_7332_20260608_135546_CFG002_CONFIG_03_-_B5F_AVG1_ADC16384;7332;BLOQUE_4CFG_7332_20260608_135546_CFG002_CONFIG_03_-_B5F_AVG1_ADC16384;configurations;toma con tabla personalizada de configuraciones;CONFIG 03 - B5F_AVG1_ADC16384;155;15.443675;13083;34120;33.43;2369;95;95;4;100;411;16384;50;0;x;00;;confirmada;2026-06-08T13:58:08.923
BLOQUE_4CFG_7332_20260608_135546_CFG002_CONFIG_03_-_B5F_AVG1_ADC16384;7332;BLOQUE_4CFG_7332_20260608_135546_CFG002_CONFIG_03_-_B5F_AVG1_ADC16384;configurations;toma con tabla personalizada de configuraciones;CONFIG 03 - B5F_AVG1_ADC16384;156;15.524116;13078;34091;34.39;2404;95;95;4;100;411;16384;50;0;x;00;;confirmada;2026-06-08T13:58:08.923
BLOQUE_4CFG_7332_20260608_135546_CFG002_CONFIG_03_-_B5F_AVG1_ADC16384;7332;BLOQUE_4CFG_7332_20260608_135546_CFG002_CONFIG_03_-_B5F_AVG1_ADC16384;configurations;toma con tabla personalizada de configuraciones;CONFIG 03 - B5F_AVG1_ADC16384;157;15.644347;13080;34085;34.00;2390;95;95;4;100;411;16384;50;0;x;00;;confirmada;2026-06-08T13:58:08.923
BLOQUE_4CFG_7332_20260608_135546_CFG002_CONFIG_03_-_B5F_AVG1_ADC16384;7332;BLOQUE_4CFG_7332_20260608_135546_CFG002_CONFIG_03_-_B5F_AVG1_ADC16384;configurations;toma con tabla personalizada de configuraciones;CONFIG 03 - B5F_AVG1_ADC16384;158;15.724437;13073;34075;33.18;2360;95;95;4;100;411;16384;50;0;x;00;;confirmada;2026-06-08T13:58:08.923
BLOQUE_4CFG_7332_20260608_135546_CFG002_CONFIG_03_-_B5F_AVG1_ADC16384;7332;BLOQUE_4CFG_7332_20260608_135546_CFG002_CONFIG_03_-_B5F_AVG1_ADC16384;configurations;toma con tabla personalizada de configuraciones;CONFIG 03 - B5F_AVG1_ADC16384;159;15.844982;13070;34068;33.81;2383;95;95;4;100;411;16384;50;0;x;00;;confirmada;2026-06-08T13:58:08.923
BLOQUE_4CFG_7332_20260608_135546_CFG002_CONFIG_03_-_B5F_AVG1_ADC16384;7332;BLOQUE_4CFG_7332_20260608_135546_CFG002_CONFIG_03_-_B5F_AVG1_ADC16384;configurations;toma con tabla personalizada de configuraciones;CONFIG 03 - B5F_AVG1_ADC16384;160;15.924787;13069;34068;32.85;2348;95;95;4;100;411;16384;50;0;x;00;;confirmada;2026-06-08T13:58:08.923
BLOQUE_4CFG_7332_20260608_135546_CFG002_CONFIG_03_-_B5F_AVG1_ADC16384;7332;BLOQUE_4CFG_7332_20260608_135546_CFG002_CONFIG_03_-_B5F_AVG1_ADC16384;configurations;toma con tabla personalizada de configuraciones;CONFIG 03 - B5F_AVG1_ADC16384;161;16.045432;13061;34048;32.77;2345;95;95;4;100;411;16384;50;0;x;00;;confirmada;2026-06-08T13:58:08.923
BLOQUE_4CFG_7332_20260608_135546_CFG002_CONFIG_03_-_B5F_AVG1_ADC16384;7332;BLOQUE_4CFG_7332_20260608_135546_CFG002_CONFIG_03_-_B5F_AVG1_ADC16384;configurations;toma con tabla personalizada de configuraciones;CONFIG 03 - B5F_AVG1_ADC16384;162;16.125569;13057;34067;33.65;2377;95;95;4;100;411;16384;50;0;x;00;;confirmada;2026-06-08T13:58:08.923
BLOQUE_4CFG_7332_20260608_135546_CFG002_CONFIG_03_-_B5F_AVG1_ADC16384;7332;BLOQUE_4CFG_7332_20260608_135546_CFG002_CONFIG_03_-_B5F_AVG1_ADC16384;configurations;toma con tabla personalizada de configuraciones;CONFIG 03 - B5F_AVG1_ADC16384;163;16.246040;13056;34032;33.62;2376;95;95;4;100;411;16384;50;0;x;00;;confirmada;2026-06-08T13:58:08.923
BLOQUE_4CFG_7332_20260608_135546_CFG002_CONFIG_03_-_B5F_AVG1_ADC16384;7332;BLOQUE_4CFG_7332_20260608_135546_CFG002_CONFIG_03_-_B5F_AVG1_ADC16384;configurations;toma con tabla personalizada de configuraciones;CONFIG 03 - B5F_AVG1_ADC16384;164;16.326007;13054;34030;34.06;2392;95;95;4;100;411;16384;50;0;x;00;;confirmada;2026-06-08T13:58:08.923
BLOQUE_4CFG_7332_20260608_135546_CFG002_CONFIG_03_-_B5F_AVG1_ADC16384;7332;BLOQUE_4CFG_7332_20260608_135546_CFG002_CONFIG_03_-_B5F_AVG1_ADC16384;configurations;toma con tabla personalizada de configuraciones;CONFIG 03 - B5F_AVG1_ADC16384;165;16.446708;13056;34058;33.02;2354;95;95;4;100;411;16384;50;0;x;00;;confirmada;2026-06-08T13:58:08.923
BLOQUE_4CFG_7332_20260608_135546_CFG002_CONFIG_03_-_B5F_AVG1_ADC16384;7332;BLOQUE_4CFG_7332_20260608_135546_CFG002_CONFIG_03_-_B5F_AVG1_ADC16384;configurations;toma con tabla personalizada de configuraciones;CONFIG 03 - B5F_AVG1_ADC16384;166;16.527206;13056;34052;33.62;2376;95;95;4;100;411;16384;50;0;x;00;;confirmada;2026-06-08T13:58:08.923
BLOQUE_4CFG_7332_20260608_135546_CFG002_CONFIG_03_-_B5F_AVG1_ADC16384;7332;BLOQUE_4CFG_7332_20260608_135546_CFG002_CONFIG_03_-_B5F_AVG1_ADC16384;configurations;toma con tabla personalizada de configuraciones;CONFIG 03 - B5F_AVG1_ADC16384;167;16.647270;13054;34082;33.73;2380;95;95;4;100;411;16384;50;0;x;00;;confirmada;2026-06-08T13:58:08.923
BLOQUE_4CFG_7332_20260608_135546_CFG002_CONFIG_03_-_B5F_AVG1_ADC16384;7332;BLOQUE_4CFG_7332_20260608_135546_CFG002_CONFIG_03_-_B5F_AVG1_ADC16384;configurations;toma con tabla personalizada de configuraciones;CONFIG 03 - B5F_AVG1_ADC16384;168;16.727786;13051;34081;33.78;2382;95;95;4;100;411;16384;50;0;x;00;;confirmada;2026-06-08T13:58:08.923
BLOQUE_4CFG_7332_20260608_135546_CFG002_CONFIG_03_-_B5F_AVG1_ADC16384;7332;BLOQUE_4CFG_7332_20260608_135546_CFG002_CONFIG_03_-_B5F_AVG1_ADC16384;configurations;toma con tabla personalizada de configuraciones;CONFIG 03 - B5F_AVG1_ADC16384;169;16.847781;13050;34090;33.02;2354;95;95;4;100;411;16384;50;0;x;00;;confirmada;2026-06-08T13:58:08.923
BLOQUE_4CFG_7332_20260608_135546_CFG002_CONFIG_03_-_B5F_AVG1_ADC16384;7332;BLOQUE_4CFG_7332_20260608_135546_CFG002_CONFIG_03_-_B5F_AVG1_ADC16384;configurations;toma con tabla personalizada de configuraciones;CONFIG 03 - B5F_AVG1_ADC16384;170;16.927559;13049;34112;34.28;2400;95;95;4;100;411;16384;50;0;x;00;;confirmada;2026-06-08T13:58:08.923
BLOQUE_4CFG_7332_20260608_135546_CFG002_CONFIG_03_-_B5F_AVG1_ADC16384;7332;BLOQUE_4CFG_7332_20260608_135546_CFG002_CONFIG_03_-_B5F_AVG1_ADC16384;configurations;toma con tabla personalizada de configuraciones;CONFIG 03 - B5F_AVG1_ADC16384;171;17.048446;13069;34102;33.07;2356;95;95;4;100;411;16384;50;0;x;00;;confirmada;2026-06-08T13:58:08.923
BLOQUE_4CFG_7332_20260608_135546_CFG002_CONFIG_03_-_B5F_AVG1_ADC16384;7332;BLOQUE_4CFG_7332_20260608_135546_CFG002_CONFIG_03_-_B5F_AVG1_ADC16384;configurations;toma con tabla personalizada de configuraciones;CONFIG 03 - B5F_AVG1_ADC16384;172;17.129088;13062;34116;33.62;2376;95;95;4;100;411;16384;50;0;x;00;;confirmada;2026-06-08T13:58:08.923
BLOQUE_4CFG_7332_20260608_135546_CFG002_CONFIG_03_-_B5F_AVG1_ADC16384;7332;BLOQUE_4CFG_7332_20260608_135546_CFG002_CONFIG_03_-_B5F_AVG1_ADC16384;configurations;toma con tabla personalizada de configuraciones;CONFIG 03 - B5F_AVG1_ADC16384;173;17.248894;13058;34071;33.02;2354;95;95;4;100;411;16384;50;0;x;00;;confirmada;2026-06-08T13:58:08.923
BLOQUE_4CFG_7332_20260608_135546_CFG002_CONFIG_03_-_B5F_AVG1_ADC16384;7332;BLOQUE_4CFG_7332_20260608_135546_CFG002_CONFIG_03_-_B5F_AVG1_ADC16384;configurations;toma con tabla personalizada de configuraciones;CONFIG 03 - B5F_AVG1_ADC16384;174;17.329208;13065;34068;33.84;2384;95;95;4;100;411;16384;50;0;x;00;;confirmada;2026-06-08T13:58:08.923
BLOQUE_4CFG_7332_20260608_135546_CFG002_CONFIG_03_-_B5F_AVG1_ADC16384;7332;BLOQUE_4CFG_7332_20260608_135546_CFG002_CONFIG_03_-_B5F_AVG1_ADC16384;configurations;toma con tabla personalizada de configuraciones;CONFIG 03 - B5F_AVG1_ADC16384;175;17.449529;13062;34080;33.34;2366;95;95;4;100;411;16384;50;0;x;00;;confirmada;2026-06-08T13:58:08.923
BLOQUE_4CFG_7332_20260608_135546_CFG002_CONFIG_03_-_B5F_AVG1_ADC16384;7332;BLOQUE_4CFG_7332_20260608_135546_CFG002_CONFIG_03_-_B5F_AVG1_ADC16384;configurations;toma con tabla personalizada de configuraciones;CONFIG 03 - B5F_AVG1_ADC16384;176;17.529500;13063;34070;33.54;2373;95;95;4;100;411;16384;50;0;x;00;;confirmada;2026-06-08T13:58:08.923
BLOQUE_4CFG_7332_20260608_135546_CFG002_CONFIG_03_-_B5F_AVG1_ADC16384;7332;BLOQUE_4CFG_7332_20260608_135546_CFG002_CONFIG_03_-_B5F_AVG1_ADC16384;configurations;toma con tabla personalizada de configuraciones;CONFIG 03 - B5F_AVG1_ADC16384;177;17.650008;13067;34076;34.11;2394;95;95;4;100;411;16384;50;0;x;00;;confirmada;2026-06-08T13:58:08.923
BLOQUE_4CFG_7332_20260608_135546_CFG002_CONFIG_03_-_B5F_AVG1_ADC16384;7332;BLOQUE_4CFG_7332_20260608_135546_CFG002_CONFIG_03_-_B5F_AVG1_ADC16384;configurations;toma con tabla personalizada de configuraciones;CONFIG 03 - B5F_AVG1_ADC16384;178;17.730307;13064;34051;34.09;2393;95;95;4;100;411;16384;50;0;x;00;;confirmada;2026-06-08T13:58:08.923
BLOQUE_4CFG_7332_20260608_135546_CFG002_CONFIG_03_-_B5F_AVG1_ADC16384;7332;BLOQUE_4CFG_7332_20260608_135546_CFG002_CONFIG_03_-_B5F_AVG1_ADC16384;configurations;toma con tabla personalizada de configuraciones;CONFIG 03 - B5F_AVG1_ADC16384;179;17.850756;13055;34012;33.54;2373;95;95;4;100;411;16384;50;0;x;00;;confirmada;2026-06-08T13:58:08.923
BLOQUE_4CFG_7332_20260608_135546_CFG002_CONFIG_03_-_B5F_AVG1_ADC16384;7332;BLOQUE_4CFG_7332_20260608_135546_CFG002_CONFIG_03_-_B5F_AVG1_ADC16384;configurations;toma con tabla personalizada de configuraciones;CONFIG 03 - B5F_AVG1_ADC16384;180;17.930864;13047;33943;33.37;2367;95;95;4;100;411;16384;50;0;x;00;;confirmada;2026-06-08T13:58:08.924
BLOQUE_4CFG_7332_20260608_135546_CFG002_CONFIG_03_-_B5F_AVG1_ADC16384;7332;BLOQUE_4CFG_7332_20260608_135546_CFG002_CONFIG_03_-_B5F_AVG1_ADC16384;configurations;toma con tabla personalizada de configuraciones;CONFIG 03 - B5F_AVG1_ADC16384;181;18.051227;13070;34007;33.70;2379;95;95;4;100;411;16384;50;0;x;00;;confirmada;2026-06-08T13:58:08.924
BLOQUE_4CFG_7332_20260608_135546_CFG002_CONFIG_03_-_B5F_AVG1_ADC16384;7332;BLOQUE_4CFG_7332_20260608_135546_CFG002_CONFIG_03_-_B5F_AVG1_ADC16384;configurations;toma con tabla personalizada de configuraciones;CONFIG 03 - B5F_AVG1_ADC16384;182;18.132010;13079;33867;33.92;2387;95;95;4;100;411;16384;50;0;x;00;;confirmada;2026-06-08T13:58:08.924
BLOQUE_4CFG_7332_20260608_135546_CFG002_CONFIG_03_-_B5F_AVG1_ADC16384;7332;BLOQUE_4CFG_7332_20260608_135546_CFG002_CONFIG_03_-_B5F_AVG1_ADC16384;configurations;toma con tabla personalizada de configuraciones;CONFIG 03 - B5F_AVG1_ADC16384;183;18.251873;12971;33825;33.89;2386;95;95;4;100;411;16384;50;0;x;00;;confirmada;2026-06-08T13:58:08.924
BLOQUE_4CFG_7332_20260608_135546_CFG002_CONFIG_03_-_B5F_AVG1_ADC16384;7332;BLOQUE_4CFG_7332_20260608_135546_CFG002_CONFIG_03_-_B5F_AVG1_ADC16384;configurations;toma con tabla personalizada de configuraciones;CONFIG 03 - B5F_AVG1_ADC16384;184;18.332009;12996;33770;34.03;2391;95;95;4;100;411;16384;50;0;x;00;;confirmada;2026-06-08T13:58:08.924
BLOQUE_4CFG_7332_20260608_135546_CFG002_CONFIG_03_-_B5F_AVG1_ADC16384;7332;BLOQUE_4CFG_7332_20260608_135546_CFG002_CONFIG_03_-_B5F_AVG1_ADC16384;configurations;toma con tabla personalizada de configuraciones;CONFIG 03 - B5F_AVG1_ADC16384;185;18.452496;12964;33745;33.65;2377;95;95;4;100;411;16384;50;0;x;00;;confirmada;2026-06-08T13:58:08.924
BLOQUE_4CFG_7332_20260608_135546_CFG002_CONFIG_03_-_B5F_AVG1_ADC16384;7332;BLOQUE_4CFG_7332_20260608_135546_CFG002_CONFIG_03_-_B5F_AVG1_ADC16384;configurations;toma con tabla personalizada de configuraciones;CONFIG 03 - B5F_AVG1_ADC16384;186;18.533096;13002;33820;33.04;2355;95;95;4;100;411;16384;50;0;x;00;;confirmada;2026-06-08T13:58:08.924
BLOQUE_4CFG_7332_20260608_135546_CFG002_CONFIG_03_-_B5F_AVG1_ADC16384;7332;BLOQUE_4CFG_7332_20260608_135546_CFG002_CONFIG_03_-_B5F_AVG1_ADC16384;configurations;toma con tabla personalizada de configuraciones;CONFIG 03 - B5F_AVG1_ADC16384;187;18.653077;13006;33766;33.26;2363;95;95;4;100;411;16384;50;0;x;00;;confirmada;2026-06-08T13:58:08.924
BLOQUE_4CFG_7332_20260608_135546_CFG002_CONFIG_03_-_B5F_AVG1_ADC16384;7332;BLOQUE_4CFG_7332_20260608_135546_CFG002_CONFIG_03_-_B5F_AVG1_ADC16384;configurations;toma con tabla personalizada de configuraciones;CONFIG 03 - B5F_AVG1_ADC16384;188;18.733576;13014;33778;33.59;2375;95;95;4;100;411;16384;50;0;x;00;;confirmada;2026-06-08T13:58:08.924
BLOQUE_4CFG_7332_20260608_135546_CFG002_CONFIG_03_-_B5F_AVG1_ADC16384;7332;BLOQUE_4CFG_7332_20260608_135546_CFG002_CONFIG_03_-_B5F_AVG1_ADC16384;configurations;toma con tabla personalizada de configuraciones;CONFIG 03 - B5F_AVG1_ADC16384;189;18.853678;13038;33793;33.23;2362;95;95;4;100;411;16384;50;0;x;00;;confirmada;2026-06-08T13:58:08.924
BLOQUE_4CFG_7332_20260608_135546_CFG002_CONFIG_03_-_B5F_AVG1_ADC16384;7332;BLOQUE_4CFG_7332_20260608_135546_CFG002_CONFIG_03_-_B5F_AVG1_ADC16384;configurations;toma con tabla personalizada de configuraciones;CONFIG 03 - B5F_AVG1_ADC16384;190;18.934161;13002;33655;33.21;2361;95;95;4;100;411;16384;50;0;x;00;;confirmada;2026-06-08T13:58:08.924
BLOQUE_4CFG_7332_20260608_135546_CFG002_CONFIG_03_-_B5F_AVG1_ADC16384;7332;BLOQUE_4CFG_7332_20260608_135546_CFG002_CONFIG_03_-_B5F_AVG1_ADC16384;configurations;toma con tabla personalizada de configuraciones;CONFIG 03 - B5F_AVG1_ADC16384;191;19.054100;12978;33643;33.92;2387;95;95;4;100;411;16384;50;0;x;00;;confirmada;2026-06-08T13:58:08.924
BLOQUE_4CFG_7332_20260608_135546_CFG002_CONFIG_03_-_B5F_AVG1_ADC16384;7332;BLOQUE_4CFG_7332_20260608_135546_CFG002_CONFIG_03_-_B5F_AVG1_ADC16384;configurations;toma con tabla personalizada de configuraciones;CONFIG 03 - B5F_AVG1_ADC16384;192;19.134638;12949;33621;34.06;2392;95;95;4;100;411;16384;50;0;x;00;;confirmada;2026-06-08T13:58:08.924
BLOQUE_4CFG_7332_20260608_135546_CFG002_CONFIG_03_-_B5F_AVG1_ADC16384;7332;BLOQUE_4CFG_7332_20260608_135546_CFG002_CONFIG_03_-_B5F_AVG1_ADC16384;configurations;toma con tabla personalizada de configuraciones;CONFIG 03 - B5F_AVG1_ADC16384;193;19.254788;12944;33666;33.98;2389;95;95;4;100;411;16384;50;0;x;00;;confirmada;2026-06-08T13:58:08.924
BLOQUE_4CFG_7332_20260608_135546_CFG002_CONFIG_03_-_B5F_AVG1_ADC16384;7332;BLOQUE_4CFG_7332_20260608_135546_CFG002_CONFIG_03_-_B5F_AVG1_ADC16384;configurations;toma con tabla personalizada de configuraciones;CONFIG 03 - B5F_AVG1_ADC16384;194;19.335498;12947;33680;33.62;2376;95;95;4;100;411;16384;50;0;x;00;;confirmada;2026-06-08T13:58:08.924
BLOQUE_4CFG_7332_20260608_135546_CFG002_CONFIG_03_-_B5F_AVG1_ADC16384;7332;BLOQUE_4CFG_7332_20260608_135546_CFG002_CONFIG_03_-_B5F_AVG1_ADC16384;configurations;toma con tabla personalizada de configuraciones;CONFIG 03 - B5F_AVG1_ADC16384;195;19.455349;12952;33735;33.23;2362;95;95;4;100;411;16384;50;0;x;00;;confirmada;2026-06-08T13:58:08.924
BLOQUE_4CFG_7332_20260608_135546_CFG002_CONFIG_03_-_B5F_AVG1_ADC16384;7332;BLOQUE_4CFG_7332_20260608_135546_CFG002_CONFIG_03_-_B5F_AVG1_ADC16384;configurations;toma con tabla personalizada de configuraciones;CONFIG 03 - B5F_AVG1_ADC16384;196;19.535444;12957;33726;32.77;2345;95;95;4;100;411;16384;50;0;x;00;;confirmada;2026-06-08T13:58:08.924
BLOQUE_4CFG_7332_20260608_135546_CFG002_CONFIG_03_-_B5F_AVG1_ADC16384;7332;BLOQUE_4CFG_7332_20260608_135546_CFG002_CONFIG_03_-_B5F_AVG1_ADC16384;configurations;toma con tabla personalizada de configuraciones;CONFIG 03 - B5F_AVG1_ADC16384;197;19.655875;12966;33770;33.67;2378;95;95;4;100;411;16384;50;0;x;00;;confirmada;2026-06-08T13:58:08.924
BLOQUE_4CFG_7332_20260608_135546_CFG002_CONFIG_03_-_B5F_AVG1_ADC16384;7332;BLOQUE_4CFG_7332_20260608_135546_CFG002_CONFIG_03_-_B5F_AVG1_ADC16384;configurations;toma con tabla personalizada de configuraciones;CONFIG 03 - B5F_AVG1_ADC16384;198;19.736257;12963;33774;34.28;2400;95;95;4;100;411;16384;50;0;x;00;;confirmada;2026-06-08T13:58:08.924
BLOQUE_4CFG_7332_20260608_135546_CFG002_CONFIG_03_-_B5F_AVG1_ADC16384;7332;BLOQUE_4CFG_7332_20260608_135546_CFG002_CONFIG_03_-_B5F_AVG1_ADC16384;configurations;toma con tabla personalizada de configuraciones;CONFIG 03 - B5F_AVG1_ADC16384;199;19.856504;12973;33850;33.76;2381;95;95;4;100;411;16384;50;0;x;00;;confirmada;2026-06-08T13:58:08.924
BLOQUE_4CFG_7332_20260608_135546_CFG002_CONFIG_03_-_B5F_AVG1_ADC16384;7332;BLOQUE_4CFG_7332_20260608_135546_CFG002_CONFIG_03_-_B5F_AVG1_ADC16384;configurations;toma con tabla personalizada de configuraciones;CONFIG 03 - B5F_AVG1_ADC16384;200;19.936578;12977;33898;33.67;2378;95;95;4;100;411;16384;50;0;x;00;;confirmada;2026-06-08T13:58:08.924
BLOQUE_4CFG_7332_20260608_135546_CFG002_CONFIG_03_-_B5F_AVG1_ADC16384;7332;BLOQUE_4CFG_7332_20260608_135546_CFG002_CONFIG_03_-_B5F_AVG1_ADC16384;configurations;toma con tabla personalizada de configuraciones;CONFIG 03 - B5F_AVG1_ADC16384;201;20.056961;12974;33920;33.87;2385;95;95;4;100;411;16384;50;0;x;00;;confirmada;2026-06-08T13:58:08.924
BLOQUE_4CFG_7332_20260608_135546_CFG002_CONFIG_03_-_B5F_AVG1_ADC16384;7332;BLOQUE_4CFG_7332_20260608_135546_CFG002_CONFIG_03_-_B5F_AVG1_ADC16384;configurations;toma con tabla personalizada de configuraciones;CONFIG 03 - B5F_AVG1_ADC16384;202;20.136960;12974;33937;33.56;2374;95;95;4;100;411;16384;50;0;x;00;;confirmada;2026-06-08T13:58:08.924
BLOQUE_4CFG_7332_20260608_135546_CFG002_CONFIG_03_-_B5F_AVG1_ADC16384;7332;BLOQUE_4CFG_7332_20260608_135546_CFG002_CONFIG_03_-_B5F_AVG1_ADC16384;configurations;toma con tabla personalizada de configuraciones;CONFIG 03 - B5F_AVG1_ADC16384;203;20.257563;12966;33928;33.98;2389;95;95;4;100;411;16384;50;0;x;00;;confirmada;2026-06-08T13:58:08.924
BLOQUE_4CFG_7332_20260608_135546_CFG002_CONFIG_03_-_B5F_AVG1_ADC16384;7332;BLOQUE_4CFG_7332_20260608_135546_CFG002_CONFIG_03_-_B5F_AVG1_ADC16384;configurations;toma con tabla personalizada de configuraciones;CONFIG 03 - B5F_AVG1_ADC16384;204;20.337846;12971;33983;32.99;2353;95;95;4;100;411;16384;50;0;x;00;;confirmada;2026-06-08T13:58:08.924
BLOQUE_4CFG_7332_20260608_135546_CFG002_CONFIG_03_-_B5F_AVG1_ADC16384;7332;BLOQUE_4CFG_7332_20260608_135546_CFG002_CONFIG_03_-_B5F_AVG1_ADC16384;configurations;toma con tabla personalizada de configuraciones;CONFIG 03 - B5F_AVG1_ADC16384;205;20.458216;12968;34024;33.29;2364;95;95;4;100;411;16384;50;0;x;00;;confirmada;2026-06-08T13:58:08.924
BLOQUE_4CFG_7332_20260608_135546_CFG002_CONFIG_03_-_B5F_AVG1_ADC16384;7332;BLOQUE_4CFG_7332_20260608_135546_CFG002_CONFIG_03_-_B5F_AVG1_ADC16384;configurations;toma con tabla personalizada de configuraciones;CONFIG 03 - B5F_AVG1_ADC16384;206;20.538788;12970;34028;33.78;2382;95;95;4;100;411;16384;50;0;x;00;;confirmada;2026-06-08T13:58:08.924
BLOQUE_4CFG_7332_20260608_135546_CFG002_CONFIG_03_-_B5F_AVG1_ADC16384;7332;BLOQUE_4CFG_7332_20260608_135546_CFG002_CONFIG_03_-_B5F_AVG1_ADC16384;configurations;toma con tabla personalizada de configuraciones;CONFIG 03 - B5F_AVG1_ADC16384;207;20.658695;12977;34103;34.23;2398;95;95;4;100;411;16384;50;0;x;00;;confirmada;2026-06-08T13:58:08.924
BLOQUE_4CFG_7332_20260608_135546_CFG002_CONFIG_03_-_B5F_AVG1_ADC16384;7332;BLOQUE_4CFG_7332_20260608_135546_CFG002_CONFIG_03_-_B5F_AVG1_ADC16384;configurations;toma con tabla personalizada de configuraciones;CONFIG 03 - B5F_AVG1_ADC16384;208;20.738792;12976;34111;33.34;2366;95;95;4;100;411;16384;50;0;x;00;;confirmada;2026-06-08T13:58:08.924
BLOQUE_4CFG_7332_20260608_135546_CFG002_CONFIG_03_-_B5F_AVG1_ADC16384;7332;BLOQUE_4CFG_7332_20260608_135546_CFG002_CONFIG_03_-_B5F_AVG1_ADC16384;configurations;toma con tabla personalizada de configuraciones;CONFIG 03 - B5F_AVG1_ADC16384;209;20.859247;12976;34158;34.06;2392;95;95;4;100;411;16384;50;0;x;00;;confirmada;2026-06-08T13:58:08.924
BLOQUE_4CFG_7332_20260608_135546_CFG002_CONFIG_03_-_B5F_AVG1_ADC16384;7332;BLOQUE_4CFG_7332_20260608_135546_CFG002_CONFIG_03_-_B5F_AVG1_ADC16384;configurations;toma con tabla personalizada de configuraciones;CONFIG 03 - B5F_AVG1_ADC16384;210;20.939788;12994;34170;33.81;2383;95;95;4;100;411;16384;50;0;x;00;;confirmada;2026-06-08T13:58:08.924
BLOQUE_4CFG_7332_20260608_135546_CFG002_CONFIG_03_-_B5F_AVG1_ADC16384;7332;BLOQUE_4CFG_7332_20260608_135546_CFG002_CONFIG_03_-_B5F_AVG1_ADC16384;configurations;toma con tabla personalizada de configuraciones;CONFIG 03 - B5F_AVG1_ADC16384;211;21.059885;12980;34187;33.84;2384;95;95;4;100;411;16384;50;0;x;00;;confirmada;2026-06-08T13:58:08.924
BLOQUE_4CFG_7332_20260608_135546_CFG002_CONFIG_03_-_B5F_AVG1_ADC16384;7332;BLOQUE_4CFG_7332_20260608_135546_CFG002_CONFIG_03_-_B5F_AVG1_ADC16384;configurations;toma con tabla personalizada de configuraciones;CONFIG 03 - B5F_AVG1_ADC16384;212;21.140429;12989;34218;33.67;2378;95;95;4;100;411;16384;50;0;x;00;;confirmada;2026-06-08T13:58:08.924
BLOQUE_4CFG_7332_20260608_135546_CFG002_CONFIG_03_-_B5F_AVG1_ADC16384;7332;BLOQUE_4CFG_7332_20260608_135546_CFG002_CONFIG_03_-_B5F_AVG1_ADC16384;configurations;toma con tabla personalizada de configuraciones;CONFIG 03 - B5F_AVG1_ADC16384;213;21.260239;12999;34276;33.67;2378;95;95;4;100;411;16384;50;0;x;00;;confirmada;2026-06-08T13:58:08.924
BLOQUE_4CFG_7332_20260608_135546_CFG002_CONFIG_03_-_B5F_AVG1_ADC16384;7332;BLOQUE_4CFG_7332_20260608_135546_CFG002_CONFIG_03_-_B5F_AVG1_ADC16384;configurations;toma con tabla personalizada de configuraciones;CONFIG 03 - B5F_AVG1_ADC16384;214;21.341062;13021;34296;33.67;2378;95;95;4;100;411;16384;50;0;x;00;;confirmada;2026-06-08T13:58:08.924
BLOQUE_4CFG_7332_20260608_135546_CFG002_CONFIG_03_-_B5F_AVG1_ADC16384;7332;BLOQUE_4CFG_7332_20260608_135546_CFG002_CONFIG_03_-_B5F_AVG1_ADC16384;configurations;toma con tabla personalizada de configuraciones;CONFIG 03 - B5F_AVG1_ADC16384;215;21.460952;13005;34295;33.73;2380;95;95;4;100;411;16384;50;0;x;00;;confirmada;2026-06-08T13:58:08.924
BLOQUE_4CFG_7332_20260608_135546_CFG002_CONFIG_03_-_B5F_AVG1_ADC16384;7332;BLOQUE_4CFG_7332_20260608_135546_CFG002_CONFIG_03_-_B5F_AVG1_ADC16384;configurations;toma con tabla personalizada de configuraciones;CONFIG 03 - B5F_AVG1_ADC16384;216;21.541168;13008;34223;33.65;2377;95;95;4;100;411;16384;50;0;x;00;;confirmada;2026-06-08T13:58:08.924
BLOQUE_4CFG_7332_20260608_135546_CFG002_CONFIG_03_-_B5F_AVG1_ADC16384;7332;BLOQUE_4CFG_7332_20260608_135546_CFG002_CONFIG_03_-_B5F_AVG1_ADC16384;configurations;toma con tabla personalizada de configuraciones;CONFIG 03 - B5F_AVG1_ADC16384;217;21.661381;12988;34154;33.13;2358;95;95;4;100;411;16384;50;0;x;00;;confirmada;2026-06-08T13:58:08.924
BLOQUE_4CFG_7332_20260608_135546_CFG002_CONFIG_03_-_B5F_AVG1_ADC16384;7332;BLOQUE_4CFG_7332_20260608_135546_CFG002_CONFIG_03_-_B5F_AVG1_ADC16384;configurations;toma con tabla personalizada de configuraciones;CONFIG 03 - B5F_AVG1_ADC16384;218;21.742161;12997;34206;33.13;2358;95;95;4;100;411;16384;50;0;x;00;;confirmada;2026-06-08T13:58:08.924
BLOQUE_4CFG_7332_20260608_135546_CFG002_CONFIG_03_-_B5F_AVG1_ADC16384;7332;BLOQUE_4CFG_7332_20260608_135546_CFG002_CONFIG_03_-_B5F_AVG1_ADC16384;configurations;toma con tabla personalizada de configuraciones;CONFIG 03 - B5F_AVG1_ADC16384;219;21.862017;13028;34283;34.00;2390;95;95;4;100;411;16384;50;0;x;00;;confirmada;2026-06-08T13:58:08.924
BLOQUE_4CFG_7332_20260608_135546_CFG002_CONFIG_03_-_B5F_AVG1_ADC16384;7332;BLOQUE_4CFG_7332_20260608_135546_CFG002_CONFIG_03_-_B5F_AVG1_ADC16384;configurations;toma con tabla personalizada de configuraciones;CONFIG 03 - B5F_AVG1_ADC16384;220;21.942560;13008;34293;33.54;2373;95;95;4;100;411;16384;50;0;x;00;;confirmada;2026-06-08T13:58:08.924
BLOQUE_4CFG_7332_20260608_135546_CFG002_CONFIG_03_-_B5F_AVG1_ADC16384;7332;BLOQUE_4CFG_7332_20260608_135546_CFG002_CONFIG_03_-_B5F_AVG1_ADC16384;configurations;toma con tabla personalizada de configuraciones;CONFIG 03 - B5F_AVG1_ADC16384;221;22.062564;12998;34269;32.74;2344;95;95;4;100;411;16384;50;0;x;00;;confirmada;2026-06-08T13:58:08.924
BLOQUE_4CFG_7332_20260608_135546_CFG002_CONFIG_03_-_B5F_AVG1_ADC16384;7332;BLOQUE_4CFG_7332_20260608_135546_CFG002_CONFIG_03_-_B5F_AVG1_ADC16384;configurations;toma con tabla personalizada de configuraciones;CONFIG 03 - B5F_AVG1_ADC16384;222;22.143251;13010;34291;33.70;2379;95;95;4;100;411;16384;50;0;x;00;;confirmada;2026-06-08T13:58:08.924
BLOQUE_4CFG_7332_20260608_135546_CFG002_CONFIG_03_-_B5F_AVG1_ADC16384;7332;BLOQUE_4CFG_7332_20260608_135546_CFG002_CONFIG_03_-_B5F_AVG1_ADC16384;configurations;toma con tabla personalizada de configuraciones;CONFIG 03 - B5F_AVG1_ADC16384;223;22.263149;13005;34272;33.29;2364;95;95;4;100;411;16384;50;0;x;00;;confirmada;2026-06-08T13:58:08.924
BLOQUE_4CFG_7332_20260608_135546_CFG002_CONFIG_03_-_B5F_AVG1_ADC16384;7332;BLOQUE_4CFG_7332_20260608_135546_CFG002_CONFIG_03_-_B5F_AVG1_ADC16384;configurations;toma con tabla personalizada de configuraciones;CONFIG 03 - B5F_AVG1_ADC16384;224;22.343810;13011;34275;33.13;2358;95;95;4;100;411;16384;50;0;x;00;;confirmada;2026-06-08T13:58:08.924
BLOQUE_4CFG_7332_20260608_135546_CFG002_CONFIG_03_-_B5F_AVG1_ADC16384;7332;BLOQUE_4CFG_7332_20260608_135546_CFG002_CONFIG_03_-_B5F_AVG1_ADC16384;configurations;toma con tabla personalizada de configuraciones;CONFIG 03 - B5F_AVG1_ADC16384;225;22.463741;12999;34267;33.48;2371;95;95;4;100;411;16384;50;0;x;00;;confirmada;2026-06-08T13:58:08.924
BLOQUE_4CFG_7332_20260608_135546_CFG002_CONFIG_03_-_B5F_AVG1_ADC16384;7332;BLOQUE_4CFG_7332_20260608_135546_CFG002_CONFIG_03_-_B5F_AVG1_ADC16384;configurations;toma con tabla personalizada de configuraciones;CONFIG 03 - B5F_AVG1_ADC16384;226;22.544212;13006;34220;34.09;2393;95;95;4;100;411;16384;50;0;x;00;;confirmada;2026-06-08T13:58:08.924
BLOQUE_4CFG_7332_20260608_135546_CFG002_CONFIG_03_-_B5F_AVG1_ADC16384;7332;BLOQUE_4CFG_7332_20260608_135546_CFG002_CONFIG_03_-_B5F_AVG1_ADC16384;configurations;toma con tabla personalizada de configuraciones;CONFIG 03 - B5F_AVG1_ADC16384;227;22.664057;13001;34206;33.89;2386;95;95;4;100;411;16384;50;0;x;00;;confirmada;2026-06-08T13:58:08.924
BLOQUE_4CFG_7332_20260608_135546_CFG002_CONFIG_03_-_B5F_AVG1_ADC16384;7332;BLOQUE_4CFG_7332_20260608_135546_CFG002_CONFIG_03_-_B5F_AVG1_ADC16384;configurations;toma con tabla personalizada de configuraciones;CONFIG 03 - B5F_AVG1_ADC16384;228;22.744437;12999;34297;34.11;2394;95;95;4;100;411;16384;50;0;x;00;;confirmada;2026-06-08T13:58:08.924
BLOQUE_4CFG_7332_20260608_135546_CFG002_CONFIG_03_-_B5F_AVG1_ADC16384;7332;BLOQUE_4CFG_7332_20260608_135546_CFG002_CONFIG_03_-_B5F_AVG1_ADC16384;configurations;toma con tabla personalizada de configuraciones;CONFIG 03 - B5F_AVG1_ADC16384;229;22.864659;12972;34055;34.03;2391;95;95;4;100;411;16384;50;0;x;00;;confirmada;2026-06-08T13:58:08.924
BLOQUE_4CFG_7332_20260608_135546_CFG002_CONFIG_03_-_B5F_AVG1_ADC16384;7332;BLOQUE_4CFG_7332_20260608_135546_CFG002_CONFIG_03_-_B5F_AVG1_ADC16384;configurations;toma con tabla personalizada de configuraciones;CONFIG 03 - B5F_AVG1_ADC16384;230;22.944955;12967;34066;33.65;2377;95;95;4;100;411;16384;50;0;x;00;;confirmada;2026-06-08T13:58:08.924
BLOQUE_4CFG_7332_20260608_135546_CFG002_CONFIG_03_-_B5F_AVG1_ADC16384;7332;BLOQUE_4CFG_7332_20260608_135546_CFG002_CONFIG_03_-_B5F_AVG1_ADC16384;configurations;toma con tabla personalizada de configuraciones;CONFIG 03 - B5F_AVG1_ADC16384;231;23.065315;12979;34095;33.84;2384;95;95;4;100;411;16384;50;0;x;00;;confirmada;2026-06-08T13:58:08.924
BLOQUE_4CFG_7332_20260608_135546_CFG002_CONFIG_03_-_B5F_AVG1_ADC16384;7332;BLOQUE_4CFG_7332_20260608_135546_CFG002_CONFIG_03_-_B5F_AVG1_ADC16384;configurations;toma con tabla personalizada de configuraciones;CONFIG 03 - B5F_AVG1_ADC16384;232;23.145774;12961;34120;33.70;2379;95;95;4;100;411;16384;50;0;x;00;;confirmada;2026-06-08T13:58:08.924
BLOQUE_4CFG_7332_20260608_135546_CFG002_CONFIG_03_-_B5F_AVG1_ADC16384;7332;BLOQUE_4CFG_7332_20260608_135546_CFG002_CONFIG_03_-_B5F_AVG1_ADC16384;configurations;toma con tabla personalizada de configuraciones;CONFIG 03 - B5F_AVG1_ADC16384;233;23.265705;12957;34044;33.07;2356;95;95;4;100;411;16384;50;0;x;00;;confirmada;2026-06-08T13:58:08.924
BLOQUE_4CFG_7332_20260608_135546_CFG002_CONFIG_03_-_B5F_AVG1_ADC16384;7332;BLOQUE_4CFG_7332_20260608_135546_CFG002_CONFIG_03_-_B5F_AVG1_ADC16384;configurations;toma con tabla personalizada de configuraciones;CONFIG 03 - B5F_AVG1_ADC16384;234;23.345996;12957;34027;33.51;2372;95;95;4;100;411;16384;50;0;x;00;;confirmada;2026-06-08T13:58:08.924
BLOQUE_4CFG_7332_20260608_135546_CFG002_CONFIG_03_-_B5F_AVG1_ADC16384;7332;BLOQUE_4CFG_7332_20260608_135546_CFG002_CONFIG_03_-_B5F_AVG1_ADC16384;configurations;toma con tabla personalizada de configuraciones;CONFIG 03 - B5F_AVG1_ADC16384;235;23.466335;12944;34032;33.59;2375;95;95;4;100;411;16384;50;0;x;00;;confirmada;2026-06-08T13:58:08.924
BLOQUE_4CFG_7332_20260608_135546_CFG002_CONFIG_03_-_B5F_AVG1_ADC16384;7332;BLOQUE_4CFG_7332_20260608_135546_CFG002_CONFIG_03_-_B5F_AVG1_ADC16384;configurations;toma con tabla personalizada de configuraciones;CONFIG 03 - B5F_AVG1_ADC16384;236;23.546882;12952;34017;34.17;2396;95;95;4;100;411;16384;50;0;x;00;;confirmada;2026-06-08T13:58:08.924
BLOQUE_4CFG_7332_20260608_135546_CFG002_CONFIG_03_-_B5F_AVG1_ADC16384;7332;BLOQUE_4CFG_7332_20260608_135546_CFG002_CONFIG_03_-_B5F_AVG1_ADC16384;configurations;toma con tabla personalizada de configuraciones;CONFIG 03 - B5F_AVG1_ADC16384;237;23.666771;12957;34040;33.98;2389;95;95;4;100;411;16384;50;0;x;00;;confirmada;2026-06-08T13:58:08.924
BLOQUE_4CFG_7332_20260608_135546_CFG002_CONFIG_03_-_B5F_AVG1_ADC16384;7332;BLOQUE_4CFG_7332_20260608_135546_CFG002_CONFIG_03_-_B5F_AVG1_ADC16384;configurations;toma con tabla personalizada de configuraciones;CONFIG 03 - B5F_AVG1_ADC16384;238;23.746454;12960;34008;33.89;2386;95;95;4;100;411;16384;50;0;x;00;;confirmada;2026-06-08T13:58:08.924
BLOQUE_4CFG_7332_20260608_135546_CFG002_CONFIG_03_-_B5F_AVG1_ADC16384;7332;BLOQUE_4CFG_7332_20260608_135546_CFG002_CONFIG_03_-_B5F_AVG1_ADC16384;configurations;toma con tabla personalizada de configuraciones;CONFIG 03 - B5F_AVG1_ADC16384;239;23.867414;12948;34038;33.81;2383;95;95;4;100;411;16384;50;0;x;00;;confirmada;2026-06-08T13:58:08.924
BLOQUE_4CFG_7332_20260608_135546_CFG002_CONFIG_03_-_B5F_AVG1_ADC16384;7332;BLOQUE_4CFG_7332_20260608_135546_CFG002_CONFIG_03_-_B5F_AVG1_ADC16384;configurations;toma con tabla personalizada de configuraciones;CONFIG 03 - B5F_AVG1_ADC16384;240;23.947462;12952;34031;34.03;2391;95;95;4;100;411;16384;50;0;x;00;;confirmada;2026-06-08T13:58:08.924
BLOQUE_4CFG_7332_20260608_135546_CFG002_CONFIG_03_-_B5F_AVG1_ADC16384;7332;BLOQUE_4CFG_7332_20260608_135546_CFG002_CONFIG_03_-_B5F_AVG1_ADC16384;configurations;toma con tabla personalizada de configuraciones;CONFIG 03 - B5F_AVG1_ADC16384;241;24.067896;12929;33992;33.89;2386;95;95;4;100;411;16384;50;0;x;00;;confirmada;2026-06-08T13:58:08.924
BLOQUE_4CFG_7332_20260608_135546_CFG002_CONFIG_03_-_B5F_AVG1_ADC16384;7332;BLOQUE_4CFG_7332_20260608_135546_CFG002_CONFIG_03_-_B5F_AVG1_ADC16384;configurations;toma con tabla personalizada de configuraciones;CONFIG 03 - B5F_AVG1_ADC16384;242;24.147704;12881;33696;34.31;2401;95;95;4;100;411;16384;50;0;x;00;;confirmada;2026-06-08T13:58:08.924
BLOQUE_4CFG_7332_20260608_135546_CFG002_CONFIG_03_-_B5F_AVG1_ADC16384;7332;BLOQUE_4CFG_7332_20260608_135546_CFG002_CONFIG_03_-_B5F_AVG1_ADC16384;configurations;toma con tabla personalizada de configuraciones;CONFIG 03 - B5F_AVG1_ADC16384;243;24.268361;12922;34026;33.18;2360;95;95;4;100;411;16384;50;0;x;00;;confirmada;2026-06-08T13:58:08.925
BLOQUE_4CFG_7332_20260608_135546_CFG002_CONFIG_03_-_B5F_AVG1_ADC16384;7332;BLOQUE_4CFG_7332_20260608_135546_CFG002_CONFIG_03_-_B5F_AVG1_ADC16384;configurations;toma con tabla personalizada de configuraciones;CONFIG 03 - B5F_AVG1_ADC16384;244;24.349227;12878;33954;33.87;2385;95;95;4;100;411;16384;50;0;x;00;;confirmada;2026-06-08T13:58:08.925
BLOQUE_4CFG_7332_20260608_135546_CFG002_CONFIG_03_-_B5F_AVG1_ADC16384;7332;BLOQUE_4CFG_7332_20260608_135546_CFG002_CONFIG_03_-_B5F_AVG1_ADC16384;configurations;toma con tabla personalizada de configuraciones;CONFIG 03 - B5F_AVG1_ADC16384;245;24.468917;12886;33945;33.89;2386;95;95;4;100;411;16384;50;0;x;00;;confirmada;2026-06-08T13:58:08.925
BLOQUE_4CFG_7332_20260608_135546_CFG002_CONFIG_03_-_B5F_AVG1_ADC16384;7332;BLOQUE_4CFG_7332_20260608_135546_CFG002_CONFIG_03_-_B5F_AVG1_ADC16384;configurations;toma con tabla personalizada de configuraciones;CONFIG 03 - B5F_AVG1_ADC16384;246;24.549042;12896;33993;33.98;2389;95;95;4;100;411;16384;50;0;x;00;;confirmada;2026-06-08T13:58:08.925
BLOQUE_4CFG_7332_20260608_135546_CFG002_CONFIG_03_-_B5F_AVG1_ADC16384;7332;BLOQUE_4CFG_7332_20260608_135546_CFG002_CONFIG_03_-_B5F_AVG1_ADC16384;configurations;toma con tabla personalizada de configuraciones;CONFIG 03 - B5F_AVG1_ADC16384;247;24.669582;12917;34037;33.87;2385;95;95;4;100;411;16384;50;0;x;00;;confirmada;2026-06-08T13:58:08.925
BLOQUE_4CFG_7332_20260608_135546_CFG002_CONFIG_03_-_B5F_AVG1_ADC16384;7332;BLOQUE_4CFG_7332_20260608_135546_CFG002_CONFIG_03_-_B5F_AVG1_ADC16384;configurations;toma con tabla personalizada de configuraciones;CONFIG 03 - B5F_AVG1_ADC16384;248;24.749376;12912;34022;33.07;2356;95;95;4;100;411;16384;50;0;x;00;;confirmada;2026-06-08T13:58:08.925
BLOQUE_4CFG_7332_20260608_135546_CFG002_CONFIG_03_-_B5F_AVG1_ADC16384;7332;BLOQUE_4CFG_7332_20260608_135546_CFG002_CONFIG_03_-_B5F_AVG1_ADC16384;configurations;toma con tabla personalizada de configuraciones;CONFIG 03 - B5F_AVG1_ADC16384;249;24.870042;12912;34023;33.87;2385;95;95;4;100;411;16384;50;0;x;00;;confirmada;2026-06-08T13:58:08.925
